customer_id,cluster
1,1
2,1
3,1
4,2
5,0
6,1
7,1
8,1
9,1
10,1
11,1
12,0
13,0
14,1
15,2
16,1
17,0
18,1
19,1
20,1
21,1
22,1
23,1
24,1
25,1
26,1
27,1
28,1
29,0
30,0
31,1
32,0
33,1
34,0
35,1
36,0
37,1
38,1
39,1
40,0
41,1
42,1
43,1
44,1
45,1
46,2
47,1
48,0
49,1
50,2
51,1
52,0
53,1
54,1
55,1
56,1
57,1
58,0
59,1
60,1
61,1
62,1
63,1
64,0
65,1
66,0
67,1
68,0
69,0
70,1
71,1
72,0
73,1
74,1
75,1
76,2
77,1
78,2
79,1
80,1
81,1
82,0
83,1
84,0
85,2
86,2
87,0
88,1
89,1
90,1
91,0
92,2
93,1
94,1
95,0
96,2
97,1
98,0
99,1
100,1
101,1
102,0
103,1
104,0
105,0
106,1
107,0
108,2
109,1
110,1
111,0
112,1
113,0
114,1
115,1
116,1
117,1
118,1
119,1
120,1
121,1
122,1
123,2
124,1
125,1
126,2
127,2
128,1
129,2
130,2
131,1
132,1
133,1
134,0
135,1
136,1
137,1
138,0
139,1
140,0
141,1
142,1
143,0
144,1
145,1
146,0
147,2
148,2
149,1
150,2
151,1
152,1
153,0
154,1
155,0
156,1
157,2
158,0
159,1
160,0
161,1
162,1
163,1
164,2
165,1
166,1
167,1
168,0
169,1
170,1
171,1
172,0
173,0
174,1
175,1
176,0
177,2
178,1
179,1
180,1
181,1
182,1
183,1
184,1
185,1
186,1
187,0
188,1
189,1
190,1
191,2
192,0
193,0
194,0
195,1
196,1
197,0
198,0
199,1
200,2
201,1
202,1
203,0
204,1
205,2
206,1
207,2
208,1
209,1
210,0
211,1
212,1
213,2
214,0
215,1
216,0
217,1
218,2
219,2
220,1
221,1
222,1
223,1
224,1
225,1
226,1
227,0
228,1
229,0
230,1
231,1
232,1
233,2
234,1
235,1
236,2
237,2
238,2
239,1
240,1
241,1
242,1
243,1
244,0
245,1
246,1
247,1
248,0
249,1
250,1
251,1
252,1
253,1
254,1
255,1
256,2
257,1
258,0
259,1
260,1
261,1
262,0
263,0
264,1
265,1
266,1
267,1
268,2
269,0
270,1
271,1
272,1
273,1
274,1
275,1
276,1
277,1
278,1
279,0
280,0
281,0
282,1
283,1
284,1
285,0
286,1
287,1
288,1
289,1
290,1
291,1
292,1
293,1
294,2
295,2
296,1
297,1
298,0
299,1
300,1
301,0
302,0
303,2
304,1
305,1
306,2
307,2
308,2
309,0
310,1
311,1
312,1
313,1
314,1
315,2
316,0
317,1
318,1
319,1
320,0
321,1
322,0
323,1
324,0
325,1
326,0
327,2
328,1
329,2
330,1
331,1
332,1
333,1
334,1
335,1
336,0
337,2
338,1
339,1
340,1
341,1
342,0
343,1
344,1
345,0
346,1
347,1
348,1
349,0
350,0
351,0
352,1
353,1
354,1
355,1
356,0
357,1
358,2
359,2
360,2
361,1
362,1
363,1
364,1
365,1
366,0
367,1
368,0
369,1
370,2
371,0
372,1
373,1
374,1
375,1
376,1
377,1
378,0
379,2
380,1
381,1
382,2
383,1
384,1
385,2
386,1
387,1
388,0
389,2
390,1
391,0
392,1
393,2
394,0
395,0
396,0
397,1
398,0
399,1
400,1
401,1
402,1
403,1
404,0
405,0
406,1
407,1
408,1
409,0
410,0
411,0
412,1
413,1
414,2
415,0
416,1
417,1
418,1
419,0
420,2
421,1
422,0
423,0
424,0
425,1
426,2
427,1
428,1
429,1
430,0
431,2
432,1
433,1
434,2
435,0
436,0
437,1
438,1
439,0
440,1
441,1
442,1
443,2
444,1
445,2
446,0
447,1
448,1
449,1
450,1
451,1
452,1
453,2
454,2
455,0
456,1
457,1
458,0
459,2
460,0
461,1
462,1
463,1
464,2
465,2
466,0
467,0
468,2
469,0
470,1
471,1
472,0
473,1
474,0
475,1
476,0
477,0
478,1
479,1
480,1
481,1
482,0
483,1
484,0
485,1
486,0
487,1
488,2
489,2
490,1
491,1
492,2
493,1
494,0
495,1
496,2
497,1
498,1
499,1
500,1
501,1
502,2
503,1
504,2
505,1
506,1
507,0
508,2
509,1
510,1
511,2
512,1
513,0
514,1
515,1
516,1
517,1
518,2
519,1
520,1
521,1
522,1
523,0
524,1
525,1
526,1
527,1
528,0
529,0
530,1
531,2
532,0
533,2
534,1
535,2
536,1
537,2
538,1
539,2
540,1
541,1
542,0
543,1
544,1
545,2
546,2
547,1
548,1
549,1
550,1
551,1
552,0
553,1
554,1
555,1
556,1
557,2
558,1
559,2
560,2
561,1
562,1
563,1
564,0
565,0
566,0
567,0
568,0
569,1
570,1
571,2
572,2
573,2
574,1
575,0
576,2
577,0
578,0
579,1
580,1
581,2
582,1
583,1
584,1
585,1
586,2
587,2
588,1
589,0
590,1
591,1
592,2
593,0
594,0
595,1
596,1
597,0
598,1
599,2
600,1
601,2
602,1
603,1
604,1
605,1
606,2
607,1
608,2
609,2
610,2
611,0
612,1
613,0
614,2
615,0
616,1
617,0
618,0
619,2
620,1
621,1
622,1
623,1
624,1
625,0
626,0
627,1
628,2
629,1
630,2
631,0
632,1
633,1
634,1
635,1
636,1
637,0
638,1
639,1
640,0
641,1
642,1
643,1
644,1
645,1
646,1
647,0
648,2
649,2
650,0
651,1
652,1
653,1
654,1
655,1
656,0
657,0
658,2
659,0
660,1
661,0
662,1
663,1
664,1
665,1
666,1
667,1
668,1
669,1
670,1
671,1
672,2
673,0
674,0
675,1
676,1
677,2
678,1
679,2
680,1
681,2
682,1
683,1
684,0
685,1
686,2
687,1
688,1
689,1
690,1
691,1
692,1
693,1
694,1
695,2
696,0
697,1
698,1
699,1
700,1
701,1
702,1
703,0
704,0
705,1
706,0
707,1
708,1
709,1
710,1
711,1
712,0
713,1
714,1
715,1
716,1
717,1
718,0
719,1
720,1
721,0
722,1
723,0
724,1
725,1
726,1
727,2
728,0
729,1
730,1
731,1
732,1
733,1
734,2
735,1
736,2
737,1
738,1
739,1
740,2
741,1
742,1
743,1
744,0
745,1
746,1
747,2
748,0
749,1
750,1
751,1
752,0
753,1
754,1
755,0
756,1
757,1
758,1
759,2
760,1
761,1
762,1
763,1
764,2
765,1
766,1
767,2
768,1
769,0
770,1
771,1
772,1
773,1
774,1
775,0
776,0
777,1
778,2
779,1
780,1
781,0
782,0
783,1
784,0
785,1
786,1
787,0
788,1
789,1
790,1
791,1
792,0
793,2
794,1
795,1
796,1
797,0
798,1
799,1
800,1
801,1
802,1
803,0
804,1
805,0
806,0
807,1
808,1
809,0
810,1
811,1
812,1
813,2
814,1
815,0
816,1
817,0
818,2
819,1
820,1
821,1
822,1
823,1
824,2
825,0
826,1
827,1
828,1
829,0
830,1
831,1
832,1
833,1
834,1
835,0
836,1
837,1
838,1
839,1
840,0
841,1
842,0
843,0
844,1
845,2
846,1
847,0
848,0
849,1
850,2
851,1
852,2
853,2
854,1
855,0
856,2
857,1
858,0
859,1
860,1
861,2
862,0
863,1
864,2
865,1
866,2
867,1
868,2
869,1
870,1
871,1
872,2
873,1
874,2
875,1
876,1
877,2
878,1
879,1
880,0
881,0
882,1
883,1
884,1
885,1
886,0
887,1
888,1
889,1
890,0
891,1
892,1
893,1
894,1
895,1
896,1
897,1
898,0
899,1
900,1
901,0
902,1
903,1
904,1
905,1
906,2
907,2
908,1
909,1
910,1
911,1
912,0
913,0
914,0
915,1
916,1
917,1
918,0
919,1
920,1
921,1
922,1
923,1
924,2
925,1
926,1
927,1
928,1
929,1
930,1
931,1
932,2
933,0
934,2
935,1
936,1
937,2
938,1
939,1
940,2
941,1
942,1
943,1
944,2
945,0
946,0
947,0
948,1
949,1
950,2
951,1
952,1
953,2
954,1
955,1
956,1
957,0
958,0
959,0
960,0
961,1
962,1
963,1
964,1
965,1
966,1
967,1
968,2
969,2
970,2
971,0
972,0
973,1
974,0
975,0
976,2
977,2
978,1
979,1
980,0
981,1
982,0
983,2
984,1
985,0
986,1
987,0
988,0
989,0
990,2
991,1
992,1
993,1
994,0
995,1
996,1
997,1
998,1
999,1
1000,0
1001,0
1002,0
1003,1
1004,2
1005,1
1006,1
1007,1
1008,0
1009,0
1010,0
1011,1
1012,1
1013,1
1014,1
1015,2
1016,2
1017,1
1018,0
1019,1
1020,1
1021,1
1022,1
1023,0
1024,1
1025,1
1026,0
1027,0
1028,1
1029,1
1030,1
1031,0
1032,0
1033,1
1034,0
1035,1
1036,1
1037,1
1038,1
1039,2
1040,1
1041,1
1042,0
1043,1
1044,0
1045,1
1046,1
1047,1
1048,1
1049,0
1050,1
1051,1
1052,0
1053,1
1054,1
1055,0
1056,0
1057,0
1058,1
1059,1
1060,1
1061,1
1062,1
1063,0
1064,1
1065,1
1066,0
1067,2
1068,1
1069,2
1070,1
1071,0
1072,0
1073,1
1074,1
1075,0
1076,1
1077,1
1078,1
1079,1
1080,1
1081,1
1082,1
1083,0
1084,1
1085,0
1086,1
1087,1
1088,0
1089,0
1090,1
1091,1
1092,0
1093,1
1094,1
1095,1
1096,1
1097,1
1098,2
1099,2
1100,2
1101,1
1102,0
1103,2
1104,1
1105,1
1106,1
1107,0
1108,0
1109,2
1110,0
1111,0
1112,1
1113,1
1114,1
1115,1
1116,1
1117,0
1118,1
1119,0
1120,0
1121,1
1122,0
1123,1
1124,0
1125,1
1126,0
1127,1
1128,0
1129,1
1130,2
1131,1
1132,0
1133,2
1134,0
1135,0
1136,1
1137,1
1138,1
1139,1
1140,0
1141,1
1142,2
1143,0
1144,0
1145,1
1146,0
1147,1
1148,1
1149,1
1150,2
1151,0
1152,1
1153,2
1154,1
1155,0
1156,2
1157,2
1158,0
1159,1
1160,2
1161,1
1162,2
1163,1
1164,1
1165,2
1166,0
1167,1
1168,1
1169,1
1170,1
1171,1
1172,1
1173,0
1174,1
1175,0
1176,1
1177,0
1178,1
1179,0
1180,1
1181,1
1182,1
1183,2
1184,1
1185,0
1186,0
1187,1
1188,1
1189,1
1190,2
1191,1
1192,1
1193,1
1194,1
1195,0
1196,1
1197,2
1198,2
1199,1
1200,1
1201,1
1202,1
1203,1
1204,1
1205,1
1206,2
1207,1
1208,1
1209,1
1210,1
1211,1
1212,1
1213,1
1214,2
1215,0
1216,1
1217,1
1218,1
1219,0
1220,0
1221,1
1222,1
1223,1
1224,1
1225,1
1226,2
1227,0
1228,2
1229,1
1230,0
1231,0
1232,1
1233,0
1234,1
1235,1
1236,1
1237,2
1238,0
1239,0
1240,0
1241,1
1242,1
1243,0
1244,0
1245,1
1246,2
1247,1
1248,1
1249,0
1250,1
1251,1
1252,1
1253,1
1254,1
1255,1
1256,2
1257,0
1258,0
1259,2
1260,1
1261,0
1262,2
1263,1
1264,1
1265,2
1266,1
1267,1
1268,1
1269,0
1270,1
1271,1
1272,2
1273,1
1274,1
1275,1
1276,1
1277,0
1278,1
1279,1
1280,1
1281,0
1282,1
1283,1
1284,2
1285,1
1286,0
1287,1
1288,0
1289,1
1290,0
1291,1
1292,2
1293,1
1294,1
1295,0
1296,2
1297,1
1298,1
1299,0
1300,1
1301,1
1302,1
1303,2
1304,1
1305,2
1306,1
1307,0
1308,1
1309,1
1310,0
1311,1
1312,0
1313,1
1314,2
1315,2
1316,1
1317,1
1318,0
1319,1
1320,2
1321,1
1322,1
1323,2
1324,2
1325,0
1326,1
1327,1
1328,0
1329,2
1330,1
1331,1
1332,2
1333,2
1334,1
1335,1
1336,2
1337,2
1338,1
1339,1
1340,1
1341,0
1342,1
1343,1
1344,1
1345,1
1346,1
1347,2
1348,1
1349,1
1350,1
1351,1
1352,1
1353,1
1354,0
1355,1
1356,2
1357,2
1358,1
1359,1
1360,1
1361,1
1362,1
1363,1
1364,1
1365,1
1366,1
1367,1
1368,0
1369,2
1370,1
1371,1
1372,2
1373,0
1374,1
1375,1
1376,0
1377,1
1378,1
1379,1
1380,1
1381,0
1382,1
1383,1
1384,1
1385,1
1386,1
1387,0
1388,1
1389,1
1390,2
1391,1
1392,0
1393,0
1394,2
1395,1
1396,0
1397,2
1398,0
1399,2
1400,0
1401,2
1402,1
1403,1
1404,0
1405,1
1406,0
1407,0
1408,0
1409,1
1410,1
1411,2
1412,1
1413,1
1414,0
1415,1
1416,1
1417,2
1418,1
1419,1
1420,1
1421,1
1422,2
1423,1
1424,1
1425,2
1426,2
1427,1
1428,2
1429,1
1430,1
1431,2
1432,1
1433,0
1434,1
1435,0
1436,1
1437,1
1438,2
1439,1
1440,0
1441,2
1442,1
1443,1
1444,1
1445,2
1446,1
1447,0
1448,1
1449,2
1450,0
1451,1
1452,1
1453,1
1454,1
1455,1
1456,1
1457,1
1458,1
1459,0
1460,0
1461,1
1462,0
1463,0
1464,1
1465,0
1466,1
1467,2
1468,0
1469,2
1470,1
1471,2
1472,2
1473,1
1474,1
1475,1
1476,2
1477,1
1478,0
1479,1
1480,1
1481,1
1482,1
1483,1
1484,1
1485,2
1486,0
1487,1
1488,1
1489,2
1490,2
1491,2
1492,1
1493,1
1494,1
1495,1
1496,1
1497,1
1498,1
1499,1
1500,0
1501,1
1502,1
1503,1
1504,1
1505,1
1506,1
1507,0
1508,1
1509,1
1510,0
1511,1
1512,1
1513,0
1514,0
1515,2
1516,1
1517,1
1518,1
1519,1
1520,1
1521,1
1522,1
1523,1
1524,0
1525,1
1526,2
1527,1
1528,0
1529,0
1530,1
1531,1
1532,1
1533,1
1534,1
1535,1
1536,0
1537,1
1538,1
1539,0
1540,1
1541,0
1542,1
1543,1
1544,0
1545,1
1546,1
1547,0
1548,1
1549,2
1550,2
1551,1
1552,1
1553,2
1554,0
1555,2
1556,1
1557,1
1558,1
1559,1
1560,2
1561,1
1562,2
1563,2
1564,2
1565,1
1566,0
1567,0
1568,0
1569,1
1570,1
1571,1
1572,1
1573,1
1574,1
1575,2
1576,0
1577,0
1578,1
1579,1
1580,2
1581,2
1582,0
1583,1
1584,1
1585,0
1586,1
1587,0
1588,1
1589,0
1590,1
1591,1
1592,0
1593,0
1594,2
1595,1
1596,1
1597,1
1598,1
1599,0
1600,1
1601,1
1602,2
1603,1
1604,1
1605,1
1606,0
1607,0
1608,0
1609,1
1610,1
1611,1
1612,0
1613,1
1614,1
1615,1
1616,1
1617,1
1618,1
1619,1
1620,2
1621,0
1622,1
1623,1
1624,1
1625,2
1626,0
1627,1
1628,0
1629,0
1630,1
1631,1
1632,1
1633,1
1634,1
1635,1
1636,1
1637,1
1638,0
1639,1
1640,2
1641,1
1642,1
1643,1
1644,0
1645,0
1646,0
1647,1
1648,1
1649,0
1650,1
1651,0
1652,1
1653,2
1654,1
1655,2
1656,0
1657,1
1658,0
1659,0
1660,2
1661,1
1662,0
1663,1
1664,1
1665,1
1666,1
1667,1
1668,1
1669,2
1670,1
1671,1
1672,0
1673,1
1674,1
1675,1
1676,1
1677,1
1678,1
1679,2
1680,1
1681,1
1682,0
1683,2
1684,1
1685,1
1686,1
1687,2
1688,1
1689,1
1690,0
1691,0
1692,0
1693,1
1694,1
1695,0
1696,1
1697,2
1698,1
1699,2
1700,1
1701,0
1702,1
1703,1
1704,1
1705,2
1706,2
1707,1
1708,1
1709,1
1710,1
1711,1
1712,1
1713,2
1714,1
1715,1
1716,1
1717,1
1718,1
1719,0
1720,0
1721,1
1722,0
1723,1
1724,0
1725,1
1726,0
1727,1
1728,1
1729,1
1730,1
1731,1
1732,1
1733,2
1734,0
1735,0
1736,1
1737,1
1738,0
1739,0
1740,1
1741,0
1742,1
1743,1
1744,1
1745,1
1746,1
1747,0
1748,2
1749,1
1750,1
1751,1
1752,1
1753,1
1754,1
1755,0
1756,2
1757,1
1758,1
1759,2
1760,1
1761,1
1762,1
1763,2
1764,1
1765,1
1766,0
1767,0
1768,1
1769,1
1770,1
1771,1
1772,1
1773,0
1774,1
1775,1
1776,1
1777,1
1778,1
1779,1
1780,1
1781,1
1782,0
1783,2
1784,0
1785,0
1786,1
1787,1
1788,1
1789,1
1790,1
1791,2
1792,0
1793,1
1794,1
1795,0
1796,0
1797,2
1798,0
1799,1
1800,0
1801,1
1802,1
1803,0
1804,1
1805,1
1806,2
1807,1
1808,0
1809,1
1810,1
1811,2
1812,0
1813,1
1814,1
1815,0
1816,1
1817,2
1818,1
1819,2
1820,1
1821,2
1822,1
1823,1
1824,0
1825,1
1826,1
1827,1
1828,1
1829,1
1830,0
1831,1
1832,1
1833,1
1834,2
1835,0
1836,1
1837,1
1838,2
1839,0
1840,1
1841,2
1842,1
1843,1
1844,1
1845,0
1846,1
1847,1
1848,2
1849,1
1850,2
1851,2
1852,1
1853,0
1854,1
1855,2
1856,1
1857,1
1858,0
1859,1
1860,1
1861,1
1862,0
1863,1
1864,1
1865,1
1866,0
1867,0
1868,2
1869,1
1870,1
1871,1
1872,0
1873,1
1874,1
1875,1
1876,0
1877,1
1878,0
1879,0
1880,1
1881,1
1882,1
1883,1
1884,1
1885,2
1886,1
1887,1
1888,0
1889,1
1890,0
1891,2
1892,1
1893,1
1894,2
1895,1
1896,2
1897,0
1898,1
1899,1
1900,0
1901,1
1902,1
1903,2
1904,1
1905,2
1906,0
1907,1
1908,1
1909,1
1910,0
1911,1
1912,1
1913,0
1914,0
1915,0
1916,0
1917,1
1918,1
1919,1
1920,0
1921,2
1922,1
1923,2
1924,1
1925,1
1926,1
1927,0
1928,1
1929,0
1930,2
1931,1
1932,1
1933,1
1934,2
1935,0
1936,0
1937,1
1938,1
1939,0
1940,1
1941,1
1942,1
1943,1
1944,0
1945,1
1946,0
1947,0
1948,0
1949,1
1950,1
1951,0
1952,2
1953,1
1954,2
1955,1
1956,2
1957,1
1958,1
1959,2
1960,0
1961,1
1962,2
1963,1
1964,0
1965,1
1966,1
1967,1
1968,0
1969,1
1970,1
1971,1
1972,1
1973,1
1974,1
1975,0
1976,1
1977,2
1978,0
1979,1
1980,1
1981,2
1982,0
1983,1
1984,1
1985,1
1986,1
1987,1
1988,1
1989,1
1990,0
1991,2
1992,0
1993,0
1994,1
1995,2
1996,2
1997,1
1998,2
1999,1
2000,1
2001,2
2002,1
2003,2
2004,0
2005,0
2006,0
2007,1
2008,1
2009,1
2010,1
2011,1
2012,0
2013,1
2014,1
2015,1
2016,0
2017,2
2018,0
2019,0
2020,1
2021,2
2022,1
2023,0
2024,1
2025,2
2026,2
2027,1
2028,0
2029,0
2030,0
2031,0
2032,1
2033,1
2034,1
2035,2
2036,1
2037,1
2038,1
2039,2
2040,1
2041,0
2042,1
2043,0
2044,2
2045,1
2046,2
2047,1
2048,2
2049,0
2050,1
2051,2
2052,1
2053,1
2054,1
2055,1
2056,1
2057,2
2058,0
2059,1
2060,0
2061,0
2062,2
2063,1
2064,0
2065,1
2066,1
2067,1
2068,1
2069,0
2070,0
2071,1
2072,1
2073,0
2074,0
2075,0
2076,1
2077,1
2078,1
2079,1
2080,1
2081,2
2082,1
2083,0
2084,1
2085,1
2086,1
2087,1
2088,1
2089,0
2090,1
2091,2
2092,0
2093,1
2094,1
2095,0
2096,0
2097,1
2098,1
2099,0
2100,0
2101,2
2102,1
2103,2
2104,0
2105,1
2106,1
2107,0
2108,1
2109,2
2110,1
2111,0
2112,0
2113,2
2114,2
2115,2
2116,1
2117,0
2118,0
2119,2
2120,1
2121,1
2122,1
2123,2
2124,1
2125,1
2126,1
2127,1
2128,0
2129,1
2130,1
2131,1
2132,0
2133,2
2134,0
2135,1
2136,2
2137,1
2138,0
2139,1
2140,2
2141,1
2142,1
2143,1
2144,0
2145,2
2146,0
2147,1
2148,0
2149,0
2150,1
2151,1
2152,1
2153,1
2154,1
2155,1
2156,1
2157,0
2158,2
2159,0
2160,1
2161,1
2162,1
2163,1
2164,0
2165,1
2166,2
2167,2
2168,1
2169,1
2170,1
2171,1
2172,1
2173,0
2174,1
2175,2
2176,1
2177,1
2178,1
2179,1
2180,2
2181,2
2182,1
2183,1
2184,1
2185,1
2186,1
2187,0
2188,1
2189,1
2190,2
2191,1
2192,1
2193,2
2194,1
2195,0
2196,1
2197,0
2198,1
2199,1
2200,2
2201,0
2202,1
2203,1
2204,1
2205,0
2206,1
2207,1
2208,2
2209,2
2210,1
2211,2
2212,2
2213,1
2214,1
2215,1
2216,1
2217,1
2218,1
2219,1
2220,1
2221,0
2222,2
2223,1
2224,1
2225,1
2226,1
2227,1
2228,2
2229,1
2230,2
2231,0
2232,1
2233,0
2234,1
2235,0
2236,0
2237,1
2238,1
2239,0
2240,1
2241,2
2242,1
2243,0
2244,1
2245,1
2246,0
2247,2
2248,0
2249,0
2250,1
2251,1
2252,0
2253,1
2254,0
2255,2
2256,1
2257,1
2258,1
2259,0
2260,1
2261,1
2262,1
2263,1
2264,1
2265,1
2266,2
2267,1
2268,1
2269,1
2270,0
2271,0
2272,0
2273,1
2274,1
2275,2
2276,1
2277,1
2278,1
2279,1
2280,1
2281,2
2282,1
2283,1
2284,1
2285,1
2286,1
2287,1
2288,1
2289,1
2290,0
2291,2
2292,1
2293,1
2294,1
2295,2
2296,1
2297,1
2298,1
2299,1
2300,1
2301,2
2302,1
2303,2
2304,1
2305,1
2306,2
2307,0
2308,1
2309,1
2310,2
2311,1
2312,1
2313,0
2314,2
2315,1
2316,1
2317,0
2318,1
2319,1
2320,0
2321,2
2322,1
2323,1
2324,1
2325,1
2326,1
2327,1
2328,0
2329,1
2330,0
2331,0
2332,1
2333,1
2334,1
2335,1
2336,1
2337,1
2338,1
2339,1
2340,2
2341,1
2342,0
2343,1
2344,1
2345,1
2346,0
2347,2
2348,2
2349,0
2350,1
2351,1
2352,1
2353,0
2354,1
2355,0
2356,2
2357,1
2358,2
2359,0
2360,1
2361,1
2362,0
2363,0
2364,0
2365,1
2366,2
2367,2
2368,2
2369,1
2370,1
2371,0
2372,2
2373,0
2374,1
2375,0
2376,1
2377,1
2378,0
2379,1
2380,1
2381,1
2382,1
2383,2
2384,0
2385,1
2386,0
2387,1
2388,1
2389,2
2390,1
2391,0
2392,1
2393,1
2394,1
2395,1
2396,2
2397,1
2398,0
2399,2
2400,1
2401,1
2402,2
2403,1
2404,0
2405,2
2406,1
2407,0
2408,1
2409,1
2410,1
2411,0
2412,0
2413,1
2414,2
2415,1
2416,1
2417,1
2418,2
2419,1
2420,0
2421,0
2422,0
2423,0
2424,1
2425,0
2426,0
2427,2
2428,0
2429,0
2430,0
2431,1
2432,1
2433,1
2434,1
2435,1
2436,0
2437,1
2438,0
2439,1
2440,0
2441,1
2442,0
2443,1
2444,1
2445,1
2446,1
2447,2
2448,1
2449,1
2450,0
2451,1
2452,1
2453,2
2454,1
2455,1
2456,0
2457,1
2458,1
2459,0
2460,1
2461,1
2462,1
2463,0
2464,1
2465,1
2466,0
2467,1
2468,0
2469,1
2470,1
2471,1
2472,1
2473,2
2474,0
2475,1
2476,0
2477,0
2478,0
2479,0
2480,1
2481,1
2482,1
2483,1
2484,1
2485,0
2486,0
2487,2
2488,1
2489,1
2490,2
2491,1
2492,0
2493,1
2494,2
2495,1
2496,1
2497,1
2498,1
2499,1
2500,2
2501,1
2502,1
2503,0
2504,0
2505,1
2506,2
2507,1
2508,1
2509,1
2510,0
2511,1
2512,1
2513,0
2514,0
2515,1
2516,1
2517,0
2518,0
2519,1
2520,1
2521,1
2522,0
2523,1
2524,1
2525,1
2526,2
2527,1
2528,0
2529,0
2530,1
2531,1
2532,1
2533,1
2534,1
2535,0
2536,2
2537,2
2538,0
2539,1
2540,0
2541,0
2542,2
2543,1
2544,1
2545,1
2546,1
2547,2
2548,0
2549,0
2550,1
2551,2
2552,0
2553,0
2554,1
2555,1
2556,0
2557,1
2558,1
2559,1
2560,0
2561,1
2562,0
2563,2
2564,1
2565,0
2566,1
2567,1
2568,0
2569,1
2570,1
2571,1
2572,2
2573,0
2574,1
2575,0
2576,2
2577,1
2578,0
2579,1
2580,0
2581,1
2582,1
2583,0
2584,2
2585,2
2586,1
2587,1
2588,1
2589,1
2590,1
2591,1
2592,1
2593,1
2594,1
2595,2
2596,1
2597,1
2598,1
2599,1
2600,0
2601,1
2602,1
2603,1
2604,1
2605,1
2606,2
2607,0
2608,1
2609,1
2610,1
2611,2
2612,2
2613,1
2614,1
2615,1
2616,1
2617,1
2618,1
2619,1
2620,0
2621,1
2622,1
2623,1
2624,1
2625,1
2626,2
2627,1
2628,0
2629,1
2630,2
2631,1
2632,1
2633,1
2634,1
2635,0
2636,2
2637,1
2638,0
2639,1
2640,1
2641,1
2642,1
2643,1
2644,2
2645,0
2646,1
2647,0
2648,1
2649,2
2650,1
2651,2
2652,1
2653,1
2654,2
2655,0
2656,0
2657,1
2658,1
2659,1
2660,2
2661,2
2662,1
2663,0
2664,1
2665,0
2666,1
2667,0
2668,2
2669,0
2670,1
2671,1
2672,2
2673,1
2674,1
2675,1
2676,2
2677,1
2678,1
2679,2
2680,2
2681,0
2682,2
2683,1
2684,1
2685,1
2686,1
2687,1
2688,2
2689,1
2690,1
2691,1
2692,0
2693,1
2694,1
2695,1
2696,1
2697,1
2698,0
2699,2
2700,2
2701,1
2702,1
2703,0
2704,1
2705,0
2706,1
2707,0
2708,1
2709,0
2710,2
2711,1
2712,1
2713,1
2714,0
2715,1
2716,0
2717,0
2718,0
2719,0
2720,2
2721,1
2722,1
2723,1
2724,1
2725,1
2726,1
2727,1
2728,1
2729,2
2730,1
2731,2
2732,1
2733,0
2734,1
2735,1
2736,1
2737,1
2738,0
2739,1
2740,1
2741,1
2742,1
2743,1
2744,0
2745,1
2746,1
2747,0
2748,2
2749,1
2750,1
2751,2
2752,1
2753,1
2754,0
2755,1
2756,2
2757,1
2758,1
2759,1
2760,2
2761,1
2762,0
2763,1
2764,1
2765,1
2766,0
2767,1
2768,0
2769,1
2770,1
2771,2
2772,2
2773,0
2774,1
2775,1
2776,1
2777,1
2778,1
2779,1
2780,0
2781,0
2782,0
2783,0
2784,1
2785,1
2786,1
2787,1
2788,1
2789,1
2790,1
2791,1
2792,1
2793,0
2794,1
2795,2
2796,0
2797,1
2798,2
2799,1
2800,0
2801,0
2802,1
2803,1
2804,1
2805,1
2806,1
2807,1
2808,1
2809,1
2810,0
2811,1
2812,1
2813,1
2814,1
2815,0
2816,1
2817,1
2818,0
2819,1
2820,1
2821,2
2822,1
2823,1
2824,1
2825,1
2826,0
2827,2
2828,1
2829,1
2830,1
2831,1
2832,1
2833,0
2834,2
2835,1
2836,1
2837,1
2838,1
2839,1
2840,2
2841,1
2842,2
2843,1
2844,0
2845,1
2846,2
2847,1
2848,1
2849,1
2850,1
2851,0
2852,1
2853,1
2854,2
2855,1
2856,2
2857,0
2858,2
2859,1
2860,2
2861,0
2862,1
2863,1
2864,2
2865,1
2866,1
2867,0
2868,1
2869,1
2870,2
2871,0
2872,1
2873,2
2874,1
2875,1
2876,0
2877,0
2878,2
2879,1
2880,0
2881,1
2882,1
2883,0
2884,2
2885,0
2886,1
2887,0
2888,2
2889,1
2890,1
2891,0
2892,1
2893,1
2894,1
2895,0
2896,1
2897,1
2898,0
2899,0
2900,0
2901,2
2902,1
2903,1
2904,1
2905,1
2906,0
2907,1
2908,1
2909,0
2910,1
2911,2
2912,1
2913,1
2914,0
2915,1
2916,1
2917,1
2918,1
2919,1
2920,1
2921,0
2922,1
2923,1
2924,1
2925,1
2926,0
2927,0
2928,2
2929,1
2930,1
2931,1
2932,2
2933,1
2934,1
2935,1
2936,1
2937,1
2938,2
2939,0
2940,1
2941,0
2942,1
2943,1
2944,1
2945,1
2946,1
2947,1
2948,2
2949,1
2950,0
2951,1
2952,0
2953,1
2954,1
2955,1
2956,1
2957,1
2958,1
2959,2
2960,1
2961,0
2962,1
2963,0
2964,0
2965,1
2966,1
2967,1
2968,1
2969,2
2970,1
2971,1
2972,1
2973,1
2974,1
2975,1
2976,0
2977,1
2978,0
2979,0
2980,2
2981,0
2982,1
2983,2
2984,1
2985,1
2986,0
2987,0
2988,2
2989,1
2990,1
2991,1
2992,2
2993,1
2994,1
2995,1
2996,1
2997,1
2998,1
2999,1
3000,1
3001,1
3002,0
3003,0
3004,1
3005,1
3006,1
3007,1
3008,1
3009,0
3010,1
3011,1
3012,2
3013,1
3014,1
3015,1
3016,0
3017,0
3018,1
3019,2
3020,1
3021,1
3022,0
3023,0
3024,2
3025,0
3026,2
3027,1
3028,1
3029,0
3030,1
3031,1
3032,1
3033,1
3034,0
3035,2
3036,0
3037,1
3038,1
3039,0
3040,1
3041,1
3042,0
3043,1
3044,0
3045,0
3046,1
3047,2
3048,1
3049,0
3050,0
3051,1
3052,0
3053,1
3054,0
3055,2
3056,0
3057,0
3058,0
3059,1
3060,1
3061,0
3062,2
3063,1
3064,1
3065,1
3066,1
3067,1
3068,0
3069,1
3070,2
3071,1
3072,1
3073,1
3074,1
3075,1
3076,0
3077,0
3078,0
3079,2
3080,0
3081,0
3082,2
3083,0
3084,0
3085,1
3086,1
3087,0
3088,1
3089,1
3090,1
3091,1
3092,1
3093,2
3094,1
3095,1
3096,1
3097,2
3098,0
3099,1
3100,0
3101,1
3102,1
3103,1
3104,2
3105,1
3106,1
3107,2
3108,0
3109,0
3110,0
3111,2
3112,1
3113,2
3114,1
3115,0
3116,0
3117,1
3118,0
3119,0
3120,1
3121,0
3122,0
3123,1
3124,1
3125,1
3126,2
3127,1
3128,1
3129,1
3130,2
3131,1
3132,2
3133,1
3134,1
3135,1
3136,1
3137,1
3138,1
3139,1
3140,1
3141,2
3142,1
3143,1
3144,1
3145,1
3146,1
3147,1
3148,0
3149,0
3150,1
3151,1
3152,1
3153,0
3154,2
3155,1
3156,1
3157,1
3158,1
3159,1
3160,1
3161,1
3162,1
3163,1
3164,1
3165,1
3166,0
3167,0
3168,2
3169,1
3170,1
3171,1
3172,1
3173,2
3174,2
3175,2
3176,1
3177,1
3178,0
3179,0
3180,1
3181,2
3182,1
3183,1
3184,1
3185,1
3186,1
3187,1
3188,0
3189,0
3190,0
3191,1
3192,1
3193,2
3194,1
3195,1
3196,0
3197,1
3198,1
3199,1
3200,1
3201,0
3202,1
3203,0
3204,1
3205,1
3206,0
3207,1
3208,2
3209,2
3210,0
3211,1
3212,1
3213,1
3214,1
3215,1
3216,1
3217,1
3218,1
3219,1
3220,1
3221,1
3222,1
3223,0
3224,1
3225,0
3226,2
3227,0
3228,1
3229,0
3230,1
3231,1
3232,1
3233,0
3234,1
3235,1
3236,1
3237,0
3238,1
3239,0
3240,1
3241,2
3242,1
3243,0
3244,0
3245,1
3246,0
3247,1
3248,1
3249,0
3250,0
3251,0
3252,1
3253,1
3254,1
3255,2
3256,1
3257,1
3258,1
3259,0
3260,0
3261,1
3262,2
3263,2
3264,1
3265,2
3266,2
3267,1
3268,2
3269,1
3270,2
3271,1
3272,1
3273,0
3274,1
3275,1
3276,1
3277,1
3278,1
3279,1
3280,1
3281,1
3282,1
3283,1
3284,0
3285,2
3286,1
3287,1
3288,2
3289,1
3290,1
3291,1
3292,1
3293,2
3294,0
3295,0
3296,1
3297,1
3298,1
3299,2
3300,1
3301,1
3302,1
3303,0
3304,1
3305,2
3306,1
3307,1
3308,1
3309,1
3310,0
3311,0
3312,1
3313,2
3314,2
3315,1
3316,1
3317,1
3318,1
3319,0
3320,2
3321,0
3322,1
3323,1
3324,1
3325,1
3326,1
3327,1
3328,1
3329,1
3330,0
3331,1
3332,1
3333,1
3334,2
3335,0
3336,1
3337,1
3338,0
3339,1
3340,1
3341,0
3342,0
3343,1
3344,1
3345,1
3346,1
3347,0
3348,2
3349,0
3350,1
3351,0
3352,0
3353,1
3354,1
3355,0
3356,0
3357,0
3358,2
3359,1
3360,0
3361,1
3362,0
3363,1
3364,1
3365,1
3366,1
3367,1
3368,1
3369,0
3370,2
3371,0
3372,1
3373,1
3374,1
3375,1
3376,1
3377,1
3378,1
3379,2
3380,1
3381,2
3382,1
3383,1
3384,2
3385,1
3386,1
3387,2
3388,2
3389,1
3390,1
3391,0
3392,1
3393,0
3394,1
3395,1
3396,1
3397,0
3398,1
3399,2
3400,1
3401,0
3402,0
3403,1
3404,1
3405,0
3406,1
3407,0
3408,0
3409,0
3410,0
3411,1
3412,0
3413,1
3414,1
3415,1
3416,2
3417,0
3418,1
3419,1
3420,1
3421,0
3422,1
3423,2
3424,1
3425,1
3426,1
3427,1
3428,1
3429,1
3430,0
3431,0
3432,0
3433,1
3434,0
3435,1
3436,1
3437,0
3438,1
3439,1
3440,1
3441,1
3442,1
3443,1
3444,0
3445,1
3446,0
3447,1
3448,1
3449,1
3450,1
3451,2
3452,1
3453,1
3454,1
3455,1
3456,2
3457,1
3458,2
3459,0
3460,1
3461,2
3462,1
3463,1
3464,1
3465,1
3466,1
3467,1
3468,1
3469,0
3470,1
3471,0
3472,2
3473,1
3474,1
3475,0
3476,2
3477,2
3478,1
3479,2
3480,0
3481,0
3482,1
3483,0
3484,1
3485,1
3486,1
3487,1
3488,1
3489,1
3490,0
3491,2
3492,1
3493,1
3494,0
3495,1
3496,2
3497,1
3498,1
3499,0
3500,1
3501,1
3502,1
3503,1
3504,1
3505,1
3506,2
3507,1
3508,1
3509,1
3510,1
3511,0
3512,1
3513,1
3514,1
3515,1
3516,1
3517,0
3518,0
3519,1
3520,1
3521,1
3522,1
3523,1
3524,0
3525,1
3526,0
3527,1
3528,0
3529,1
3530,1
3531,0
3532,2
3533,1
3534,1
3535,0
3536,2
3537,1
3538,2
3539,1
3540,1
3541,1
3542,1
3543,1
3544,1
3545,2
3546,1
3547,0
3548,1
3549,0
3550,0
3551,0
3552,0
3553,2
3554,1
3555,0
3556,1
3557,1
3558,0
3559,1
3560,1
3561,2
3562,0
3563,1
3564,2
3565,0
3566,1
3567,2
3568,1
3569,0
3570,0
3571,1
3572,0
3573,0
3574,0
3575,2
3576,1
3577,1
3578,0
3579,1
3580,1
3581,0
3582,1
3583,1
3584,1
3585,0
3586,1
3587,0
3588,0
3589,1
3590,1
3591,1
3592,1
3593,0
3594,0
3595,0
3596,1
3597,0
3598,1
3599,1
3600,2
3601,2
3602,2
3603,2
3604,0
3605,1
3606,1
3607,1
3608,1
3609,2
3610,2
3611,1
3612,1
3613,0
3614,1
3615,2
3616,1
3617,0
3618,1
3619,0
3620,1
3621,0
3622,1
3623,1
3624,1
3625,2
3626,2
3627,1
3628,1
3629,1
3630,1
3631,1
3632,0
3633,1
3634,1
3635,1
3636,0
3637,1
3638,1
3639,0
3640,1
3641,1
3642,2
3643,2
3644,0
3645,0
3646,2
3647,0
3648,1
3649,1
3650,1
3651,0
3652,2
3653,1
3654,1
3655,0
3656,0
3657,1
3658,1
3659,2
3660,1
3661,1
3662,1
3663,0
3664,2
3665,1
3666,1
3667,1
3668,1
3669,1
3670,0
3671,1
3672,1
3673,0
3674,0
3675,0
3676,1
3677,1
3678,2
3679,1
3680,1
3681,1
3682,2
3683,1
3684,1
3685,1
3686,1
3687,1
3688,0
3689,1
3690,1
3691,0
3692,0
3693,2
3694,1
3695,1
3696,1
3697,2
3698,1
3699,1
3700,0
3701,1
3702,1
3703,1
3704,0
3705,1
3706,1
3707,0
3708,1
3709,1
3710,2
3711,1
3712,1
3713,0
3714,0
3715,1
3716,1
3717,1
3718,1
3719,1
3720,2
3721,2
3722,2
3723,1
3724,1
3725,1
3726,0
3727,2
3728,1
3729,1
3730,1
3731,1
3732,0
3733,1
3734,0
3735,1
3736,2
3737,0
3738,1
3739,1
3740,2
3741,2
3742,0
3743,0
3744,1
3745,1
3746,2
3747,0
3748,1
3749,2
3750,1
3751,1
3752,0
3753,0
3754,0
3755,1
3756,0
3757,1
3758,1
3759,1
3760,1
3761,1
3762,1
3763,0
3764,0
3765,1
3766,1
3767,0
3768,1
3769,0
3770,1
3771,1
3772,2
3773,1
3774,1
3775,2
3776,1
3777,2
3778,1
3779,0
3780,1
3781,0
3782,1
3783,1
3784,1
3785,1
3786,1
3787,1
3788,0
3789,0
3790,1
3791,1
3792,0
3793,1
3794,1
3795,1
3796,2
3797,2
3798,0
3799,2
3800,1
3801,1
3802,1
3803,0
3804,0
3805,1
3806,1
3807,1
3808,1
3809,0
3810,2
3811,1
3812,1
3813,0
3814,1
3815,1
3816,1
3817,1
3818,1
3819,2
3820,0
3821,1
3822,2
3823,1
3824,0
3825,1
3826,0
3827,1
3828,2
3829,1
3830,2
3831,1
3832,1
3833,1
3834,1
3835,1
3836,2
3837,0
3838,1
3839,1
3840,2
3841,0
3842,1
3843,1
3844,1
3845,0
3846,1
3847,1
3848,2
3849,0
3850,0
3851,1
3852,1
3853,2
3854,1
3855,0
3856,1
3857,2
3858,1
3859,0
3860,2
3861,1
3862,0
3863,1
3864,1
3865,1
3866,1
3867,0
3868,1
3869,1
3870,1
3871,1
3872,1
3873,1
3874,2
3875,2
3876,2
3877,2
3878,1
3879,1
3880,1
3881,1
3882,1
3883,1
3884,2
3885,1
3886,1
3887,1
3888,1
3889,1
3890,0
3891,1
3892,2
3893,2
3894,1
3895,1
3896,0
3897,2
3898,1
3899,2
3900,1
3901,2
3902,1
3903,0
3904,0
3905,1
3906,1
3907,1
3908,1
3909,0
3910,1
3911,1
3912,0
3913,0
3914,1
3915,0
3916,0
3917,0
3918,0
3919,2
3920,1
3921,1
3922,1
3923,1
3924,1
3925,0
3926,1
3927,1
3928,1
3929,0
3930,1
3931,1
3932,2
3933,1
3934,1
3935,1
3936,0
3937,1
3938,1
3939,1
3940,0
3941,1
3942,1
3943,0
3944,0
3945,1
3946,1
3947,2
3948,1
3949,1
3950,0
3951,1
3952,1
3953,2
3954,0
3955,2
3956,1
3957,0
3958,1
3959,1
3960,1
3961,1
3962,0
3963,1
3964,1
3965,1
3966,1
3967,1
3968,0
3969,0
3970,1
3971,2
3972,1
3973,1
3974,1
3975,1
3976,1
3977,1
3978,1
3979,2
3980,1
3981,2
3982,2
3983,1
3984,0
3985,1
3986,1
3987,0
3988,1
3989,1
3990,2
3991,0
3992,1
3993,2
3994,1
3995,1
3996,2
3997,2
3998,0
3999,2
4000,1
4001,2
4002,1
4003,1
4004,0
4005,2
4006,1
4007,0
4008,1
4009,0
4010,1
4011,1
4012,1
4013,0
4014,1
4015,0
4016,2
4017,2
4018,1
4019,2
4020,1
4021,2
4022,0
4023,1
4024,1
4025,2
4026,1
4027,1
4028,1
4029,1
4030,1
4031,1
4032,0
4033,1
4034,1
4035,1
4036,2
4037,1
4038,1
4039,0
4040,1
4041,1
4042,1
4043,1
4044,2
4045,1
4046,1
4047,0
4048,0
4049,1
4050,1
4051,1
4052,2
4053,0
4054,2
4055,0
4056,1
4057,1
4058,1
4059,1
4060,1
4061,1
4062,1
4063,0
4064,0
4065,0
4066,1
4067,1
4068,1
4069,1
4070,0
4071,1
4072,1
4073,1
4074,1
4075,2
4076,1
4077,2
4078,0
4079,1
4080,1
4081,2
4082,1
4083,1
4084,1
4085,1
4086,1
4087,0
4088,0
4089,1
4090,1
4091,1
4092,1
4093,0
4094,0
4095,0
4096,1
4097,1
4098,2
4099,1
4100,1
4101,0
4102,2
4103,0
4104,1
4105,1
4106,2
4107,1
4108,0
4109,2
4110,1
4111,1
4112,1
4113,1
4114,2
4115,1
4116,0
4117,2
4118,1
4119,1
4120,1
4121,1
4122,1
4123,1
4124,0
4125,0
4126,1
4127,1
4128,1
4129,1
4130,1
4131,1
4132,1
4133,1
4134,1
4135,2
4136,1
4137,2
4138,1
4139,1
4140,0
4141,1
4142,1
4143,1
4144,1
4145,1
4146,1
4147,0
4148,1
4149,1
4150,1
4151,1
4152,0
4153,0
4154,0
4155,0
4156,1
4157,2
4158,1
4159,1
4160,1
4161,1
4162,2
4163,0
4164,0
4165,0
4166,1
4167,2
4168,1
4169,1
4170,1
4171,2
4172,1
4173,0
4174,2
4175,1
4176,1
4177,1
4178,1
4179,1
4180,1
4181,1
4182,0
4183,1
4184,2
4185,1
4186,0
4187,0
4188,1
4189,0
4190,1
4191,1
4192,1
4193,1
4194,1
4195,2
4196,2
4197,1
4198,0
4199,2
4200,1
4201,0
4202,1
4203,1
4204,1
4205,1
4206,0
4207,1
4208,1
4209,1
4210,0
4211,1
4212,1
4213,1
4214,1
4215,0
4216,1
4217,0
4218,1
4219,1
4220,1
4221,1
4222,0
4223,2
4224,0
4225,1
4226,1
4227,0
4228,2
4229,1
4230,1
4231,1
4232,1
4233,1
4234,1
4235,0
4236,0
4237,2
4238,1
4239,0
4240,1
4241,1
4242,1
4243,2
4244,0
4245,2
4246,1
4247,1
4248,1
4249,1
4250,1
4251,1
4252,1
4253,2
4254,1
4255,1
4256,1
4257,2
4258,0
4259,1
4260,0
4261,0
4262,1
4263,1
4264,0
4265,0
4266,1
4267,1
4268,1
4269,1
4270,1
4271,1
4272,0
4273,0
4274,1
4275,1
4276,1
4277,0
4278,0
4279,1
4280,0
4281,1
4282,1
4283,2
4284,1
4285,1
4286,2
4287,1
4288,1
4289,0
4290,1
4291,2
4292,1
4293,1
4294,0
4295,2
4296,1
4297,0
4298,1
4299,0
4300,1
4301,2
4302,0
4303,1
4304,1
4305,0
4306,0
4307,1
4308,1
4309,1
4310,0
4311,0
4312,1
4313,0
4314,0
4315,1
4316,1
4317,0
4318,0
4319,0
4320,1
4321,1
4322,0
4323,0
4324,0
4325,0
4326,1
4327,1
4328,0
4329,2
4330,2
4331,1
4332,0
4333,1
4334,0
4335,1
4336,0
4337,2
4338,1
4339,1
4340,1
4341,0
4342,2
4343,2
4344,1
4345,0
4346,2
4347,1
4348,0
4349,1
4350,1
4351,1
4352,1
4353,2
4354,0
4355,1
4356,1
4357,0
4358,2
4359,0
4360,0
4361,0
4362,0
4363,1
4364,1
4365,1
4366,0
4367,1
4368,1
4369,1
4370,1
4371,1
4372,0
4373,0
4374,2
4375,1
4376,2
4377,1
4378,1
4379,2
4380,1
4381,0
4382,1
4383,1
4384,1
4385,1
4386,0
4387,0
4388,1
4389,1
4390,0
4391,1
4392,2
4393,0
4394,1
4395,1
4396,1
4397,2
4398,1
4399,0
4400,2
4401,0
4402,1
4403,1
4404,2
4405,2
4406,1
4407,1
4408,0
4409,2
4410,1
4411,1
4412,1
4413,1
4414,1
4415,0
4416,1
4417,2
4418,2
4419,1
4420,1
4421,1
4422,1
4423,1
4424,0
4425,2
4426,2
4427,1
4428,1
4429,0
4430,1
4431,1
4432,2
4433,1
4434,2
4435,1
4436,1
4437,1
4438,1
4439,1
4440,0
4441,1
4442,2
4443,0
4444,1
4445,1
4446,1
4447,0
4448,0
4449,1
4450,1
4451,0
4452,1
4453,2
4454,1
4455,0
4456,1
4457,0
4458,1
4459,1
4460,2
4461,2
4462,1
4463,1
4464,1
4465,0
4466,1
4467,2
4468,1
4469,1
4470,2
4471,1
4472,1
4473,1
4474,1
4475,0
4476,2
4477,0
4478,1
4479,0
4480,1
4481,0
4482,0
4483,2
4484,0
4485,1
4486,0
4487,2
4488,0
4489,1
4490,0
4491,1
4492,2
4493,0
4494,1
4495,0
4496,1
4497,0
4498,1
4499,0
4500,2
4501,1
4502,2
4503,2
4504,2
4505,2
4506,2
4507,1
4508,1
4509,2
4510,0
4511,2
4512,1
4513,1
4514,1
4515,1
4516,0
4517,1
4518,2
4519,0
4520,1
4521,1
4522,0
4523,2
4524,1
4525,1
4526,1
4527,2
4528,0
4529,0
4530,2
4531,1
4532,1
4533,1
4534,2
4535,0
4536,1
4537,2
4538,2
4539,1
4540,0
4541,1
4542,2
4543,1
4544,1
4545,2
4546,0
4547,1
4548,1
4549,0
4550,2
4551,2
4552,1
4553,1
4554,0
4555,1
4556,1
4557,0
4558,0
4559,1
4560,1
4561,1
4562,0
4563,0
4564,0
4565,0
4566,1
4567,1
4568,2
4569,2
4570,0
4571,2
4572,1
4573,2
4574,1
4575,2
4576,1
4577,0
4578,1
4579,1
4580,1
4581,0
4582,0
4583,1
4584,0
4585,1
4586,1
4587,1
4588,1
4589,2
4590,1
4591,1
4592,0
4593,1
4594,1
4595,1
4596,0
4597,1
4598,1
4599,1
4600,0
4601,1
4602,0
4603,1
4604,0
4605,1
4606,2
4607,0
4608,2
4609,1
4610,1
4611,1
4612,1
4613,1
4614,0
4615,0
4616,0
4617,1
4618,1
4619,1
4620,1
4621,0
4622,2
4623,2
4624,1
4625,1
4626,1
4627,1
4628,0
4629,0
4630,0
4631,0
4632,0
4633,1
4634,1
4635,2
4636,1
4637,1
4638,2
4639,1
4640,1
4641,1
4642,1
4643,1
4644,0
4645,0
4646,1
4647,0
4648,1
4649,0
4650,1
4651,1
4652,1
4653,1
4654,0
4655,2
4656,0
4657,2
4658,0
4659,1
4660,2
4661,1
4662,1
4663,1
4664,0
4665,0
4666,2
4667,1
4668,1
4669,1
4670,0
4671,2
4672,1
4673,1
4674,0
4675,0
4676,1
4677,0
4678,1
4679,2
4680,1
4681,0
4682,2
4683,1
4684,1
4685,1
4686,0
4687,0
4688,0
4689,2
4690,1
4691,0
4692,1
4693,1
4694,1
4695,1
4696,0
4697,2
4698,2
4699,1
4700,1
4701,1
4702,1
4703,0
4704,0
4705,1
4706,2
4707,1
4708,1
4709,2
4710,1
4711,0
4712,1
4713,1
4714,1
4715,1
4716,1
4717,0
4718,1
4719,0
4720,0
4721,1
4722,1
4723,1
4724,0
4725,1
4726,2
4727,1
4728,1
4729,2
4730,0
4731,0
4732,0
4733,0
4734,1
4735,1
4736,1
4737,1
4738,1
4739,1
4740,1
4741,0
4742,0
4743,1
4744,1
4745,1
4746,1
4747,2
4748,1
4749,0
4750,1
4751,0
4752,1
4753,1
4754,1
4755,0
4756,1
4757,2
4758,2
4759,1
4760,1
4761,0
4762,1
4763,0
4764,1
4765,1
4766,0
4767,1
4768,0
4769,1
4770,1
4771,1
4772,1
4773,2
4774,1
4775,1
4776,0
4777,2
4778,2
4779,2
4780,0
4781,0
4782,1
4783,2
4784,0
4785,0
4786,0
4787,0
4788,0
4789,1
4790,1
4791,1
4792,1
4793,1
4794,1
4795,1
4796,0
4797,1
4798,2
4799,0
4800,1
4801,1
4802,0
4803,0
4804,1
4805,2
4806,1
4807,1
4808,0
4809,0
4810,0
4811,2
4812,1
4813,1
4814,2
4815,2
4816,1
4817,1
4818,2
4819,0
4820,2
4821,2
4822,1
4823,1
4824,1
4825,2
4826,0
4827,0
4828,1
4829,1
4830,2
4831,1
4832,0
4833,1
4834,1
4835,1
4836,1
4837,1
4838,1
4839,1
4840,1
4841,1
4842,1
4843,0
4844,2
4845,1
4846,0
4847,1
4848,1
4849,1
4850,0
4851,1
4852,1
4853,1
4854,1
4855,1
4856,0
4857,0
4858,1
4859,2
4860,2
4861,1
4862,1
4863,1
4864,2
4865,2
4866,1
4867,0
4868,1
4869,1
4870,2
4871,0
4872,1
4873,0
4874,1
4875,0
4876,0
4877,1
4878,1
4879,1
4880,2
4881,2
4882,0
4883,1
4884,0
4885,1
4886,2
4887,1
4888,1
4889,1
4890,1
4891,1
4892,2
4893,1
4894,1
4895,1
4896,0
4897,1
4898,0
4899,1
4900,0
4901,1
4902,1
4903,1
4904,1
4905,1
4906,1
4907,1
4908,1
4909,0
4910,0
4911,1
4912,1
4913,2
4914,2
4915,1
4916,2
4917,1
4918,1
4919,1
4920,2
4921,1
4922,1
4923,0
4924,0
4925,1
4926,1
4927,1
4928,1
4929,2
4930,2
4931,2
4932,1
4933,1
4934,1
4935,2
4936,2
4937,2
4938,0
4939,1
4940,1
4941,2
4942,0
4943,1
4944,1
4945,1
4946,1
4947,2
4948,1
4949,1
4950,1
4951,1
4952,1
4953,1
4954,1
4955,1
4956,1
4957,1
4958,1
4959,1
4960,1
4961,1
4962,1
4963,0
4964,0
4965,1
4966,1
4967,1
4968,1
4969,1
4970,2
4971,1
4972,1
4973,2
4974,0
4975,1
4976,1
4977,0
4978,1
4979,2
4980,0
4981,1
4982,1
4983,1
4984,1
4985,1
4986,2
4987,1
4988,1
4989,0
4990,1
4991,1
4992,1
4993,0
4994,0
4995,1
4996,1
4997,0
4998,0
4999,0
5000,1
5001,1
5002,1
5003,2
5004,1
5005,1
5006,2
5007,1
5008,0
5009,1
5010,1
5011,1
5012,1
5013,1
5014,2
5015,1
5016,1
5017,0
5018,1
5019,1
5020,2
5021,1
5022,1
5023,0
5024,1
5025,1
5026,0
5027,1
5028,0
5029,1
5030,1
5031,2
5032,0
5033,0
5034,0
5035,1
5036,1
5037,0
5038,2
5039,1
5040,1
5041,2
5042,1
5043,0
5044,2
5045,1
5046,1
5047,2
5048,0
5049,0
5050,1
5051,0
5052,1
5053,1
5054,1
5055,1
5056,1
5057,2
5058,1
5059,0
5060,2
5061,0
5062,1
5063,2
5064,1
5065,1
5066,2
5067,1
5068,1
5069,1
5070,1
5071,1
5072,2
5073,2
5074,1
5075,1
5076,0
5077,0
5078,1
5079,1
5080,1
5081,1
5082,1
5083,1
5084,1
5085,1
5086,0
5087,1
5088,2
5089,2
5090,0
5091,0
5092,1
5093,1
5094,1
5095,1
5096,1
5097,0
5098,1
5099,1
5100,0
5101,1
5102,0
5103,1
5104,1
5105,1
5106,2
5107,1
5108,0
5109,1
5110,1
5111,2
5112,2
5113,1
5114,1
5115,2
5116,1
5117,1
5118,0
5119,0
5120,1
5121,1
5122,1
5123,1
5124,2
5125,1
5126,1
5127,0
5128,1
5129,1
5130,1
5131,2
5132,2
5133,1
5134,1
5135,0
5136,1
5137,1
5138,1
5139,1
5140,0
5141,0
5142,1
5143,1
5144,2
5145,1
5146,1
5147,2
5148,0
5149,2
5150,2
5151,1
5152,1
5153,1
5154,1
5155,0
5156,1
5157,0
5158,1
5159,1
5160,0
5161,0
5162,1
5163,1
5164,1
5165,1
5166,2
5167,1
5168,1
5169,1
5170,1
5171,2
5172,1
5173,1
5174,1
5175,2
5176,1
5177,0
5178,0
5179,1
5180,0
5181,0
5182,1
5183,1
5184,1
5185,1
5186,0
5187,0
5188,0
5189,1
5190,1
5191,0
5192,1
5193,2
5194,1
5195,1
5196,1
5197,0
5198,1
5199,0
5200,0
5201,0
5202,2
5203,0
5204,1
5205,1
5206,1
5207,1
5208,1
5209,1
5210,1
5211,1
5212,2
5213,1
5214,1
5215,1
5216,1
5217,1
5218,1
5219,2
5220,2
5221,1
5222,1
5223,1
5224,1
5225,0
5226,1
5227,0
5228,1
5229,1
5230,1
5231,1
5232,2
5233,0
5234,1
5235,0
5236,1
5237,2
5238,0
5239,0
5240,1
5241,2
5242,1
5243,2
5244,0
5245,1
5246,1
5247,0
5248,0
5249,1
5250,1
5251,1
5252,2
5253,0
5254,0
5255,0
5256,2
5257,1
5258,2
5259,1
5260,1
5261,2
5262,2
5263,1
5264,0
5265,2
5266,1
5267,0
5268,1
5269,1
5270,1
5271,0
5272,1
5273,2
5274,1
5275,1
5276,0
5277,1
5278,1
5279,1
5280,1
5281,2
5282,0
5283,0
5284,1
5285,0
5286,1
5287,1
5288,1
5289,1
5290,1
5291,2
5292,0
5293,1
5294,2
5295,0
5296,1
5297,1
5298,1
5299,1
5300,1
5301,1
5302,2
5303,1
5304,2
5305,0
5306,1
5307,2
5308,1
5309,1
5310,2
5311,1
5312,1
5313,0
5314,2
5315,1
5316,1
5317,2
5318,2
5319,2
5320,1
5321,0
5322,1
5323,1
5324,1
5325,2
5326,1
5327,1
5328,0
5329,1
5330,2
5331,1
5332,1
5333,2
5334,0
5335,2
5336,1
5337,1
5338,1
5339,1
5340,1
5341,1
5342,1
5343,1
5344,1
5345,2
5346,1
5347,1
5348,2
5349,2
5350,0
5351,1
5352,1
5353,0
5354,0
5355,1
5356,0
5357,1
5358,1
5359,1
5360,0
5361,1
5362,1
5363,2
5364,1
5365,1
5366,0
5367,0
5368,1
5369,0
5370,1
5371,0
5372,1
5373,0
5374,1
5375,1
5376,1
5377,1
5378,1
5379,1
5380,1
5381,0
5382,1
5383,0
5384,1
5385,0
5386,1
5387,1
5388,1
5389,1
5390,1
5391,0
5392,1
5393,1
5394,1
5395,1
5396,1
5397,1
5398,1
5399,1
5400,0
5401,1
5402,1
5403,0
5404,2
5405,0
5406,1
5407,1
5408,0
5409,1
5410,2
5411,0
5412,1
5413,1
5414,0
5415,1
5416,0
5417,0
5418,1
5419,2
5420,0
5421,0
5422,0
5423,0
5424,1
5425,1
5426,0
5427,1
5428,1
5429,0
5430,0
5431,1
5432,1
5433,1
5434,1
5435,1
5436,1
5437,0
5438,2
5439,2
5440,1
5441,1
5442,1
5443,1
5444,0
5445,2
5446,1
5447,1
5448,1
5449,2
5450,1
5451,2
5452,1
5453,1
5454,0
5455,1
5456,1
5457,2
5458,1
5459,1
5460,0
5461,2
5462,2
5463,0
5464,1
5465,1
5466,2
5467,1
5468,0
5469,1
5470,2
5471,2
5472,2
5473,2
5474,2
5475,0
5476,1
5477,0
5478,0
5479,2
5480,1
5481,0
5482,2
5483,0
5484,2
5485,2
5486,0
5487,1
5488,1
5489,1
5490,1
5491,1
5492,1
5493,2
5494,1
5495,0
5496,1
5497,1
5498,1
5499,1
5500,1
5501,1
5502,0
5503,1
5504,0
5505,0
5506,1
5507,2
5508,0
5509,1
5510,1
5511,0
5512,1
5513,2
5514,2
5515,1
5516,2
5517,1
5518,1
5519,1
5520,1
5521,1
5522,1
5523,2
5524,1
5525,2
5526,0
5527,1
5528,1
5529,1
5530,2
5531,1
5532,2
5533,2
5534,0
5535,0
5536,0
5537,0
5538,1
5539,0
5540,0
5541,1
5542,0
5543,0
5544,1
5545,2
5546,2
5547,2
5548,1
5549,1
5550,0
5551,0
5552,0
5553,1
5554,0
5555,2
5556,1
5557,2
5558,0
5559,1
5560,2
5561,1
5562,1
5563,0
5564,1
5565,1
5566,0
5567,1
5568,0
5569,2
5570,0
5571,1
5572,1
5573,0
5574,1
5575,2
5576,1
5577,1
5578,1
5579,1
5580,0
5581,1
5582,1
5583,1
5584,1
5585,1
5586,0
5587,1
5588,0
5589,0
5590,1
5591,0
5592,1
5593,1
5594,0
5595,2
5596,0
5597,2
5598,1
5599,1
5600,1
5601,1
5602,0
5603,2
5604,1
5605,1
5606,0
5607,1
5608,0
5609,0
5610,1
5611,1
5612,1
5613,0
5614,2
5615,1
5616,0
5617,1
5618,1
5619,0
5620,1
5621,0
5622,0
5623,0
5624,0
5625,1
5626,2
5627,0
5628,1
5629,2
5630,0
5631,1
5632,1
5633,1
5634,0
5635,1
5636,1
5637,1
5638,0
5639,1
5640,1
5641,1
5642,0
5643,1
5644,1
5645,1
5646,1
5647,2
5648,0
5649,1
5650,1
5651,0
5652,1
5653,1
5654,1
5655,0
5656,1
5657,1
5658,0
5659,1
5660,1
5661,1
5662,0
5663,1
5664,1
5665,2
5666,1
5667,1
5668,1
5669,0
5670,1
5671,0
5672,0
5673,1
5674,1
5675,1
5676,2
5677,1
5678,1
5679,1
5680,0
5681,0
5682,0
5683,1
5684,1
5685,1
5686,0
5687,1
5688,1
5689,2
5690,1
5691,1
5692,2
5693,0
5694,1
5695,1
5696,0
5697,1
5698,1
5699,1
5700,1
5701,1
5702,0
5703,0
5704,1
5705,1
5706,0
5707,1
5708,2
5709,1
5710,1
5711,1
5712,2
5713,1
5714,1
5715,1
5716,1
5717,1
5718,1
5719,0
5720,0
5721,0
5722,2
5723,1
5724,0
5725,0
5726,0
5727,0
5728,0
5729,1
5730,1
5731,0
5732,1
5733,1
5734,1
5735,1
5736,1
5737,0
5738,1
5739,0
5740,1
5741,1
5742,1
5743,1
5744,0
5745,1
5746,1
5747,1
5748,0
5749,2
5750,0
5751,2
5752,1
5753,1
5754,1
5755,2
5756,1
5757,2
5758,1
5759,2
5760,0
5761,0
5762,1
5763,1
5764,1
5765,1
5766,1
5767,1
5768,1
5769,1
5770,1
5771,1
5772,1
5773,0
5774,1
5775,1
5776,0
5777,0
5778,2
5779,2
5780,0
5781,0
5782,1
5783,2
5784,0
5785,1
5786,1
5787,1
5788,1
5789,1
5790,2
5791,1
5792,1
5793,1
5794,0
5795,0
5796,1
5797,2
5798,0
5799,1
5800,1
5801,1
5802,1
5803,1
5804,1
5805,1
5806,0
5807,1
5808,0
5809,0
5810,1
5811,1
5812,2
5813,0
5814,1
5815,1
5816,1
5817,1
5818,0
5819,0
5820,1
5821,2
5822,1
5823,1
5824,1
5825,0
5826,1
5827,1
5828,1
5829,2
5830,1
5831,0
5832,0
5833,2
5834,2
5835,1
5836,0
5837,0
5838,1
5839,2
5840,1
5841,1
5842,1
5843,1
5844,1
5845,1
5846,0
5847,2
5848,0
5849,0
5850,1
5851,1
5852,2
5853,1
5854,0
5855,1
5856,1
5857,2
5858,1
5859,0
5860,0
5861,2
5862,1
5863,1
5864,1
5865,1
5866,1
5867,2
5868,0
5869,1
5870,0
5871,1
5872,0
5873,1
5874,1
5875,1
5876,2
5877,0
5878,0
5879,2
5880,1
5881,1
5882,0
5883,1
5884,1
5885,2
5886,2
5887,2
5888,2
5889,1
5890,1
5891,1
5892,1
5893,0
5894,1
5895,0
5896,1
5897,1
5898,1
5899,0
5900,2
5901,1
5902,1
5903,1
5904,0
5905,2
5906,2
5907,1
5908,1
5909,1
5910,1
5911,1
5912,0
5913,2
5914,1
5915,1
5916,1
5917,1
5918,0
5919,1
5920,1
5921,0
5922,1
5923,0
5924,0
5925,0
5926,1
5927,2
5928,1
5929,0
5930,0
5931,1
5932,1
5933,1
5934,0
5935,2
5936,0
5937,1
5938,1
5939,1
5940,1
5941,2
5942,2
5943,1
5944,1
5945,0
5946,0
5947,0
5948,2
5949,1
5950,1
5951,2
5952,1
5953,1
5954,1
5955,1
5956,2
5957,1
5958,0
5959,1
5960,1
5961,1
5962,1
5963,0
5964,2
5965,1
5966,0
5967,1
5968,1
5969,1
5970,0
5971,1
5972,1
5973,2
5974,1
5975,0
5976,1
5977,2
5978,1
5979,1
5980,1
5981,1
5982,2
5983,1
5984,0
5985,1
5986,0
5987,0
5988,2
5989,1
5990,1
5991,1
5992,1
5993,2
5994,1
5995,2
5996,0
5997,1
5998,2
5999,1
6000,1
6001,1
6002,0
6003,1
6004,0
6005,2
6006,1
6007,1
6008,1
6009,0
6010,1
6011,1
6012,0
6013,2
6014,1
6015,1
6016,1
6017,1
6018,0
6019,1
6020,1
6021,1
6022,0
6023,1
6024,1
6025,2
6026,1
6027,2
6028,1
6029,0
6030,1
6031,1
6032,1
6033,2
6034,2
6035,1
6036,1
6037,0
6038,0
6039,1
6040,1
6041,0
6042,1
6043,1
6044,0
6045,2
6046,2
6047,0
6048,1
6049,0
6050,1
6051,1
6052,1
6053,0
6054,1
6055,1
6056,0
6057,0
6058,1
6059,1
6060,1
6061,1
6062,1
6063,0
6064,1
6065,1
6066,1
6067,1
6068,1
6069,2
6070,2
6071,1
6072,1
6073,1
6074,2
6075,0
6076,2
6077,1
6078,1
6079,1
6080,1
6081,0
6082,1
6083,1
6084,1
6085,2
6086,1
6087,2
6088,1
6089,1
6090,0
6091,1
6092,0
6093,0
6094,1
6095,0
6096,1
6097,1
6098,1
6099,2
6100,0
6101,2
6102,1
6103,1
6104,1
6105,1
6106,1
6107,1
6108,1
6109,2
6110,1
6111,1
6112,0
6113,1
6114,1
6115,1
6116,1
6117,1
6118,1
6119,2
6120,2
6121,1
6122,1
6123,1
6124,1
6125,1
6126,1
6127,1
6128,1
6129,1
6130,0
6131,1
6132,1
6133,1
6134,1
6135,2
6136,0
6137,1
6138,2
6139,1
6140,0
6141,1
6142,1
6143,2
6144,0
6145,1
6146,1
6147,1
6148,1
6149,1
6150,0
6151,1
6152,1
6153,2
6154,1
6155,1
6156,1
6157,0
6158,1
6159,1
6160,0
6161,2
6162,1
6163,1
6164,2
6165,0
6166,1
6167,1
6168,1
6169,0
6170,1
6171,1
6172,0
6173,0
6174,0
6175,1
6176,1
6177,0
6178,1
6179,0
6180,0
6181,2
6182,0
6183,1
6184,1
6185,2
6186,1
6187,0
6188,1
6189,2
6190,0
6191,0
6192,1
6193,0
6194,1
6195,2
6196,1
6197,1
6198,1
6199,2
6200,1
6201,1
6202,0
6203,0
6204,1
6205,1
6206,1
6207,1
6208,1
6209,0
6210,1
6211,0
6212,0
6213,1
6214,1
6215,1
6216,1
6217,1
6218,1
6219,1
6220,1
6221,0
6222,1
6223,0
6224,2
6225,1
6226,1
6227,1
6228,0
6229,2
6230,1
6231,1
6232,2
6233,2
6234,0
6235,2
6236,1
6237,1
6238,1
6239,0
6240,1
6241,1
6242,1
6243,1
6244,1
6245,2
6246,0
6247,1
6248,1
6249,1
6250,1
6251,1
6252,1
6253,0
6254,1
6255,1
6256,2
6257,1
6258,1
6259,1
6260,1
6261,1
6262,1
6263,1
6264,1
6265,2
6266,2
6267,0
6268,2
6269,2
6270,0
6271,1
6272,1
6273,2
6274,1
6275,0
6276,0
6277,1
6278,1
6279,2
6280,2
6281,2
6282,2
6283,1
6284,1
6285,1
6286,2
6287,2
6288,1
6289,0
6290,1
6291,0
6292,1
6293,1
6294,2
6295,1
6296,0
6297,0
6298,2
6299,1
6300,1
6301,1
6302,0
6303,1
6304,2
6305,1
6306,2
6307,2
6308,1
6309,0
6310,0
6311,1
6312,2
6313,1
6314,1
6315,0
6316,2
6317,1
6318,1
6319,1
6320,1
6321,0
6322,1
6323,1
6324,1
6325,1
6326,1
6327,1
6328,2
6329,1
6330,1
6331,1
6332,0
6333,1
6334,1
6335,2
6336,1
6337,1
6338,1
6339,1
6340,1
6341,0
6342,0
6343,1
6344,1
6345,1
6346,0
6347,1
6348,1
6349,0
6350,1
6351,2
6352,1
6353,1
6354,1
6355,0
6356,1
6357,1
6358,2
6359,0
6360,1
6361,0
6362,1
6363,2
6364,1
6365,1
6366,1
6367,2
6368,1
6369,1
6370,0
6371,1
6372,1
6373,0
6374,0
6375,0
6376,2
6377,0
6378,0
6379,1
6380,0
6381,2
6382,1
6383,1
6384,0
6385,1
6386,1
6387,1
6388,2
6389,0
6390,1
6391,1
6392,1
6393,0
6394,1
6395,2
6396,1
6397,2
6398,1
6399,2
6400,1
6401,2
6402,0
6403,1
6404,1
6405,0
6406,1
6407,0
6408,0
6409,1
6410,1
6411,0
6412,1
6413,1
6414,0
6415,0
6416,1
6417,0
6418,1
6419,0
6420,0
6421,2
6422,1
6423,1
6424,1
6425,1
6426,2
6427,0
6428,1
6429,2
6430,1
6431,0
6432,0
6433,2
6434,0
6435,2
6436,1
6437,0
6438,0
6439,1
6440,1
6441,2
6442,0
6443,1
6444,1
6445,2
6446,1
6447,1
6448,1
6449,1
6450,1
6451,1
6452,1
6453,1
6454,1
6455,1
6456,1
6457,1
6458,1
6459,1
6460,0
6461,1
6462,2
6463,1
6464,0
6465,1
6466,1
6467,1
6468,0
6469,1
6470,0
6471,1
6472,1
6473,0
6474,1
6475,1
6476,1
6477,2
6478,2
6479,1
6480,1
6481,1
6482,1
6483,0
6484,1
6485,2
6486,0
6487,0
6488,1
6489,1
6490,1
6491,1
6492,1
6493,1
6494,1
6495,1
6496,0
6497,1
6498,1
6499,1
6500,2
6501,0
6502,0
6503,0
6504,1
6505,1
6506,2
6507,0
6508,0
6509,1
6510,1
6511,0
6512,2
6513,1
6514,1
6515,1
6516,1
6517,1
6518,2
6519,0
6520,1
6521,1
6522,0
6523,1
6524,1
6525,0
6526,0
6527,2
6528,1
6529,1
6530,1
6531,1
6532,0
6533,1
6534,1
6535,0
6536,1
6537,0
6538,0
6539,1
6540,2
6541,1
6542,0
6543,1
6544,0
6545,0
6546,1
6547,2
6548,0
6549,1
6550,0
6551,1
6552,1
6553,0
6554,1
6555,2
6556,1
6557,0
6558,1
6559,1
6560,1
6561,2
6562,1
6563,1
6564,0
6565,0
6566,0
6567,0
6568,1
6569,1
6570,1
6571,2
6572,1
6573,1
6574,1
6575,2
6576,1
6577,1
6578,2
6579,1
6580,1
6581,2
6582,1
6583,0
6584,1
6585,1
6586,0
6587,1
6588,2
6589,1
6590,1
6591,0
6592,2
6593,1
6594,1
6595,2
6596,2
6597,0
6598,1
6599,1
6600,1
6601,1
6602,0
6603,0
6604,2
6605,0
6606,1
6607,2
6608,1
6609,1
6610,1
6611,0
6612,1
6613,2
6614,0
6615,1
6616,0
6617,1
6618,1
6619,0
6620,1
6621,0
6622,1
6623,0
6624,1
6625,2
6626,2
6627,2
6628,1
6629,1
6630,2
6631,1
6632,2
6633,0
6634,2
6635,1
6636,1
6637,1
6638,1
6639,2
6640,0
6641,1
6642,2
6643,0
6644,1
6645,1
6646,1
6647,1
6648,2
6649,1
6650,1
6651,1
6652,1
6653,1
6654,0
6655,0
6656,1
6657,0
6658,0
6659,1
6660,1
6661,1
6662,0
6663,0
6664,1
6665,1
6666,1
6667,0
6668,1
6669,0
6670,1
6671,2
6672,0
6673,1
6674,0
6675,1
6676,1
6677,1
6678,1
6679,2
6680,2
6681,2
6682,0
6683,1
6684,2
6685,1
6686,1
6687,1
6688,1
6689,1
6690,2
6691,1
6692,2
6693,1
6694,2
6695,1
6696,1
6697,1
6698,1
6699,0
6700,0
6701,0
6702,1
6703,1
6704,1
6705,1
6706,1
6707,1
6708,2
6709,0
6710,1
6711,0
6712,1
6713,1
6714,0
6715,0
6716,1
6717,2
6718,1
6719,2
6720,1
6721,1
6722,0
6723,1
6724,1
6725,1
6726,1
6727,1
6728,0
6729,1
6730,1
6731,1
6732,0
6733,2
6734,1
6735,1
6736,2
6737,2
6738,1
6739,1
6740,1
6741,0
6742,0
6743,0
6744,1
6745,1
6746,1
6747,1
6748,1
6749,1
6750,1
6751,2
6752,1
6753,1
6754,0
6755,1
6756,0
6757,1
6758,1
6759,1
6760,1
6761,0
6762,1
6763,1
6764,2
6765,0
6766,0
6767,1
6768,1
6769,1
6770,1
6771,1
6772,1
6773,0
6774,1
6775,1
6776,0
6777,1
6778,1
6779,1
6780,0
6781,2
6782,1
6783,1
6784,1
6785,1
6786,1
6787,1
6788,0
6789,1
6790,0
6791,1
6792,2
6793,2
6794,0
6795,2
6796,1
6797,0
6798,1
6799,1
6800,0
6801,2
6802,1
6803,0
6804,1
6805,1
6806,2
6807,1
6808,0
6809,1
6810,2
6811,1
6812,1
6813,1
6814,1
6815,1
6816,1
6817,1
6818,2
6819,2
6820,1
6821,2
6822,1
6823,2
6824,1
6825,1
6826,1
6827,1
6828,1
6829,1
6830,1
6831,1
6832,0
6833,0
6834,2
6835,1
6836,1
6837,1
6838,1
6839,1
6840,0
6841,0
6842,1
6843,1
6844,1
6845,1
6846,0
6847,1
6848,1
6849,2
6850,1
6851,2
6852,1
6853,0
6854,1
6855,2
6856,2
6857,2
6858,0
6859,1
6860,1
6861,0
6862,0
6863,0
6864,1
6865,1
6866,1
6867,1
6868,1
6869,1
6870,0
6871,0
6872,2
6873,1
6874,2
6875,1
6876,1
6877,1
6878,2
6879,1
6880,2
6881,1
6882,1
6883,1
6884,1
6885,1
6886,0
6887,1
6888,2
6889,1
6890,1
6891,2
6892,1
6893,0
6894,1
6895,0
6896,2
6897,1
6898,1
6899,2
6900,0
6901,1
6902,1
6903,2
6904,1
6905,1
6906,1
6907,1
6908,0
6909,1
6910,2
6911,1
6912,0
6913,0
6914,1
6915,2
6916,0
6917,1
6918,0
6919,0
6920,0
6921,1
6922,2
6923,2
6924,1
6925,0
6926,1
6927,1
6928,2
6929,1
6930,1
6931,2
6932,0
6933,2
6934,1
6935,0
6936,1
6937,1
6938,1
6939,1
6940,0
6941,2
6942,1
6943,1
6944,0
6945,0
6946,1
6947,1
6948,0
6949,1
6950,1
6951,1
6952,2
6953,1
6954,1
6955,2
6956,0
6957,1
6958,1
6959,1
6960,0
6961,0
6962,2
6963,1
6964,1
6965,1
6966,2
6967,1
6968,2
6969,1
6970,1
6971,1
6972,1
6973,0
6974,1
6975,1
6976,1
6977,0
6978,1
6979,1
6980,1
6981,1
6982,0
6983,1
6984,1
6985,1
6986,0
6987,0
6988,2
6989,0
6990,0
6991,1
6992,0
6993,1
6994,1
6995,2
6996,1
6997,2
6998,1
6999,1
7000,1
7001,2
7002,1
7003,2
7004,1
7005,1
7006,1
7007,1
7008,1
7009,1
7010,1
7011,1
7012,1
7013,0
7014,1
7015,1
7016,2
7017,0
7018,2
7019,1
7020,1
7021,0
7022,0
7023,0
7024,1
7025,1
7026,1
7027,0
7028,1
7029,2
7030,2
7031,1
7032,1
7033,1
7034,1
7035,1
7036,1
7037,1
7038,1
7039,0
7040,0
7041,2
7042,1
7043,1
7044,1
7045,1
7046,1
7047,1
7048,1
7049,1
7050,1
7051,0
7052,1
7053,0
7054,2
7055,0
7056,1
7057,1
7058,2
7059,1
7060,0
7061,0
7062,0
7063,2
7064,1
7065,1
7066,2
7067,1
7068,1
7069,1
7070,2
7071,1
7072,1
7073,2
7074,1
7075,1
7076,0
7077,1
7078,1
7079,1
7080,0
7081,1
7082,1
7083,0
7084,1
7085,1
7086,1
7087,1
7088,1
7089,1
7090,1
7091,1
7092,1
7093,1
7094,1
7095,1
7096,1
7097,0
7098,2
7099,0
7100,2
7101,0
7102,2
7103,1
7104,1
7105,1
7106,2
7107,1
7108,1
7109,1
7110,1
7111,1
7112,1
7113,2
7114,1
7115,0
7116,0
7117,2
7118,0
7119,1
7120,1
7121,0
7122,0
7123,1
7124,1
7125,0
7126,2
7127,2
7128,1
7129,2
7130,0
7131,0
7132,1
7133,1
7134,1
7135,1
7136,1
7137,0
7138,1
7139,0
7140,2
7141,1
7142,2
7143,0
7144,0
7145,0
7146,1
7147,1
7148,1
7149,1
7150,1
7151,1
7152,1
7153,2
7154,1
7155,0
7156,1
7157,2
7158,1
7159,2
7160,0
7161,1
7162,1
7163,0
7164,1
7165,0
7166,0
7167,0
7168,0
7169,0
7170,0
7171,1
7172,1
7173,0
7174,1
7175,1
7176,1
7177,1
7178,0
7179,1
7180,1
7181,1
7182,1
7183,2
7184,1
7185,0
7186,1
7187,2
7188,1
7189,2
7190,1
7191,0
7192,2
7193,1
7194,1
7195,1
7196,0
7197,2
7198,2
7199,0
7200,1
7201,2
7202,0
7203,0
7204,1
7205,2
7206,0
7207,0
7208,0
7209,1
7210,0
7211,0
7212,1
7213,0
7214,1
7215,1
7216,1
7217,0
7218,1
7219,1
7220,0
7221,2
7222,0
7223,0
7224,1
7225,1
7226,1
7227,2
7228,1
7229,1
7230,0
7231,1
7232,1
7233,1
7234,1
7235,0
7236,0
7237,1
7238,0
7239,2
7240,1
7241,2
7242,1
7243,0
7244,1
7245,1
7246,1
7247,0
7248,0
7249,2
7250,1
7251,1
7252,1
7253,1
7254,1
7255,1
7256,0
7257,2
7258,1
7259,2
7260,0
7261,1
7262,1
7263,1
7264,1
7265,0
7266,1
7267,1
7268,1
7269,2
7270,1
7271,1
7272,0
7273,1
7274,2
7275,2
7276,0
7277,0
7278,0
7279,1
7280,0
7281,2
7282,1
7283,0
7284,1
7285,2
7286,1
7287,1
7288,1
7289,0
7290,1
7291,0
7292,1
7293,1
7294,1
7295,1
7296,1
7297,1
7298,1
7299,1
7300,0
7301,2
7302,1
7303,1
7304,0
7305,1
7306,1
7307,1
7308,2
7309,0
7310,1
7311,1
7312,1
7313,1
7314,1
7315,2
7316,2
7317,1
7318,1
7319,1
7320,1
7321,2
7322,0
7323,0
7324,0
7325,0
7326,1
7327,0
7328,0
7329,1
7330,2
7331,0
7332,0
7333,1
7334,1
7335,0
7336,1
7337,1
7338,1
7339,1
7340,2
7341,2
7342,1
7343,1
7344,1
7345,1
7346,1
7347,1
7348,0
7349,0
7350,1
7351,1
7352,1
7353,1
7354,1
7355,1
7356,1
7357,1
7358,1
7359,2
7360,2
7361,1
7362,2
7363,1
7364,1
7365,1
7366,1
7367,1
7368,0
7369,1
7370,1
7371,1
7372,1
7373,2
7374,1
7375,0
7376,0
7377,1
7378,1
7379,0
7380,1
7381,2
7382,1
7383,0
7384,0
7385,2
7386,1
7387,1
7388,2
7389,1
7390,0
7391,1
7392,0
7393,1
7394,1
7395,2
7396,1
7397,1
7398,0
7399,0
7400,1
7401,1
7402,0
7403,2
7404,0
7405,1
7406,0
7407,1
7408,0
7409,0
7410,1
7411,1
7412,2
7413,1
7414,1
7415,1
7416,1
7417,2
7418,1
7419,1
7420,0
7421,1
7422,1
7423,1
7424,1
7425,2
7426,0
7427,1
7428,2
7429,0
7430,1
7431,1
7432,0
7433,0
7434,0
7435,1
7436,1
7437,1
7438,1
7439,1
7440,0
7441,1
7442,1
7443,0
7444,2
7445,1
7446,1
7447,2
7448,0
7449,1
7450,1
7451,0
7452,1
7453,2
7454,1
7455,1
7456,0
7457,0
7458,0
7459,2
7460,0
7461,1
7462,1
7463,2
7464,1
7465,1
7466,1
7467,2
7468,1
7469,2
7470,2
7471,1
7472,1
7473,2
7474,2
7475,0
7476,1
7477,1
7478,1
7479,1
7480,0
7481,0
7482,1
7483,1
7484,1
7485,0
7486,1
7487,0
7488,2
7489,1
7490,1
7491,1
7492,0
7493,0
7494,1
7495,1
7496,1
7497,2
7498,2
7499,0
7500,2
7501,2
7502,0
7503,0
7504,1
7505,1
7506,1
7507,1
7508,0
7509,1
7510,1
7511,1
7512,1
7513,1
7514,0
7515,1
7516,0
7517,0
7518,1
7519,1
7520,0
7521,1
7522,1
7523,0
7524,2
7525,0
7526,1
7527,1
7528,1
7529,1
7530,1
7531,0
7532,2
7533,1
7534,1
7535,1
7536,1
7537,2
7538,0
7539,1
7540,1
7541,1
7542,1
7543,1
7544,1
7545,1
7546,1
7547,1
7548,1
7549,1
7550,1
7551,1
7552,1
7553,0
7554,1
7555,0
7556,0
7557,1
7558,1
7559,0
7560,2
7561,1
7562,1
7563,1
7564,2
7565,1
7566,1
7567,1
7568,2
7569,1
7570,1
7571,1
7572,2
7573,1
7574,0
7575,1
7576,1
7577,1
7578,1
7579,0
7580,1
7581,1
7582,0
7583,1
7584,1
7585,1
7586,0
7587,1
7588,2
7589,2
7590,1
7591,1
7592,1
7593,1
7594,0
7595,2
7596,1
7597,2
7598,1
7599,0
7600,1
7601,1
7602,1
7603,0
7604,1
7605,0
7606,2
7607,1
7608,1
7609,1
7610,0
7611,1
7612,0
7613,2
7614,1
7615,1
7616,0
7617,0
7618,1
7619,0
7620,2
7621,2
7622,1
7623,1
7624,2
7625,1
7626,2
7627,1
7628,2
7629,0
7630,2
7631,1
7632,1
7633,0
7634,0
7635,1
7636,2
7637,0
7638,2
7639,2
7640,1
7641,0
7642,1
7643,1
7644,1
7645,1
7646,1
7647,1
7648,2
7649,0
7650,0
7651,2
7652,2
7653,1
7654,1
7655,0
7656,0
7657,1
7658,0
7659,2
7660,2
7661,1
7662,1
7663,0
7664,2
7665,0
7666,1
7667,0
7668,0
7669,2
7670,1
7671,2
7672,1
7673,1
7674,0
7675,1
7676,0
7677,2
7678,1
7679,1
7680,1
7681,1
7682,2
7683,1
7684,1
7685,1
7686,0
7687,0
7688,1
7689,2
7690,2
7691,1
7692,2
7693,1
7694,1
7695,2
7696,1
7697,0
7698,0
7699,1
7700,0
7701,1
7702,1
7703,1
7704,1
7705,2
7706,0
7707,1
7708,1
7709,1
7710,0
7711,1
7712,0
7713,1
7714,1
7715,1
7716,1
7717,1
7718,1
7719,0
7720,1
7721,2
7722,1
7723,1
7724,1
7725,0
7726,2
7727,2
7728,1
7729,1
7730,0
7731,2
7732,0
7733,0
7734,1
7735,0
7736,0
7737,1
7738,1
7739,1
7740,0
7741,2
7742,2
7743,1
7744,2
7745,0
7746,1
7747,0
7748,0
7749,1
7750,0
7751,1
7752,0
7753,1
7754,1
7755,1
7756,1
7757,1
7758,0
7759,2
7760,2
7761,2
7762,1
7763,1
7764,1
7765,1
7766,1
7767,2
7768,1
7769,1
7770,0
7771,1
7772,0
7773,1
7774,1
7775,1
7776,0
7777,1
7778,1
7779,1
7780,1
7781,0
7782,1
7783,1
7784,2
7785,1
7786,1
7787,0
7788,2
7789,0
7790,0
7791,2
7792,0
7793,0
7794,0
7795,1
7796,0
7797,0
7798,2
7799,1
7800,1
7801,0
7802,2
7803,1
7804,0
7805,1
7806,1
7807,1
7808,0
7809,2
7810,1
7811,0
7812,0
7813,2
7814,1
7815,0
7816,1
7817,1
7818,1
7819,1
7820,1
7821,1
7822,1
7823,1
7824,1
7825,1
7826,1
7827,1
7828,0
7829,0
7830,1
7831,1
7832,1
7833,0
7834,1
7835,1
7836,2
7837,1
7838,2
7839,2
7840,0
7841,1
7842,1
7843,1
7844,1
7845,0
7846,1
7847,1
7848,2
7849,1
7850,1
7851,1
7852,0
7853,2
7854,1
7855,0
7856,1
7857,1
7858,1
7859,0
7860,0
7861,0
7862,2
7863,1
7864,1
7865,0
7866,0
7867,0
7868,1
7869,1
7870,2
7871,1
7872,1
7873,1
7874,1
7875,2
7876,2
7877,2
7878,0
7879,1
7880,1
7881,1
7882,1
7883,2
7884,1
7885,1
7886,1
7887,2
7888,0
7889,1
7890,0
7891,2
7892,2
7893,1
7894,1
7895,0
7896,0
7897,1
7898,1
7899,1
7900,1
7901,0
7902,0
7903,1
7904,1
7905,1
7906,0
7907,1
7908,0
7909,2
7910,1
7911,0
7912,1
7913,1
7914,2
7915,0
7916,1
7917,1
7918,1
7919,1
7920,1
7921,2
7922,0
7923,1
7924,1
7925,1
7926,1
7927,1
7928,2
7929,1
7930,1
7931,0
7932,0
7933,2
7934,1
7935,0
7936,2
7937,1
7938,0
7939,1
7940,2
7941,1
7942,1
7943,1
7944,1
7945,1
7946,1
7947,1
7948,0
7949,1
7950,1
7951,2
7952,1
7953,1
7954,1
7955,1
7956,1
7957,1
7958,1
7959,1
7960,2
7961,1
7962,1
7963,1
7964,1
7965,1
7966,1
7967,0
7968,1
7969,1
7970,1
7971,0
7972,1
7973,1
7974,2
7975,1
7976,2
7977,1
7978,1
7979,1
7980,2
7981,1
7982,0
7983,1
7984,2
7985,1
7986,1
7987,1
7988,1
7989,1
7990,2
7991,1
7992,1
7993,1
7994,1
7995,0
7996,1
7997,0
7998,0
7999,2
8000,2
8001,2
8002,1
8003,1
8004,0
8005,1
8006,1
8007,0
8008,0
8009,0
8010,2
8011,1
8012,0
8013,0
8014,2
8015,0
8016,0
8017,0
8018,1
8019,1
8020,0
8021,1
8022,0
8023,0
8024,1
8025,1
8026,0
8027,2
8028,0
8029,0
8030,2
8031,1
8032,2
8033,1
8034,1
8035,1
8036,2
8037,1
8038,1
8039,1
8040,0
8041,2
8042,1
8043,0
8044,2
8045,1
8046,1
8047,0
8048,1
8049,1
8050,0
8051,0
8052,1
8053,1
8054,2
8055,1
8056,2
8057,2
8058,1
8059,1
8060,2
8061,1
8062,0
8063,1
8064,1
8065,2
8066,1
8067,1
8068,1
8069,0
8070,1
8071,0
8072,0
8073,2
8074,0
8075,1
8076,2
8077,1
8078,2
8079,1
8080,1
8081,2
8082,1
8083,1
8084,0
8085,0
8086,2
8087,2
8088,0
8089,2
8090,1
8091,0
8092,1
8093,1
8094,2
8095,1
8096,1
8097,0
8098,0
8099,1
8100,1
8101,1
8102,1
8103,1
8104,1
8105,1
8106,2
8107,1
8108,1
8109,1
8110,2
8111,0
8112,2
8113,1
8114,0
8115,1
8116,1
8117,0
8118,2
8119,1
8120,1
8121,2
8122,1
8123,2
8124,1
8125,1
8126,1
8127,1
8128,1
8129,0
8130,1
8131,0
8132,1
8133,1
8134,1
8135,0
8136,0
8137,1
8138,1
8139,0
8140,1
8141,2
8142,0
8143,0
8144,2
8145,0
8146,2
8147,1
8148,1
8149,0
8150,2
8151,1
8152,1
8153,0
8154,2
8155,1
8156,0
8157,1
8158,1
8159,0
8160,2
8161,1
8162,2
8163,2
8164,2
8165,1
8166,2
8167,2
8168,1
8169,1
8170,1
8171,2
8172,1
8173,1
8174,1
8175,1
8176,0
8177,1
8178,1
8179,1
8180,2
8181,1
8182,2
8183,1
8184,2
8185,1
8186,1
8187,1
8188,1
8189,1
8190,0
8191,1
8192,1
8193,1
8194,1
8195,1
8196,2
8197,0
8198,1
8199,0
8200,0
8201,1
8202,1
8203,0
8204,0
8205,0
8206,1
8207,1
8208,1
8209,2
8210,2
8211,1
8212,1
8213,1
8214,0
8215,1
8216,1
8217,2
8218,1
8219,1
8220,2
8221,1
8222,1
8223,2
8224,2
8225,1
8226,0
8227,0
8228,0
8229,2
8230,1
8231,2
8232,1
8233,2
8234,2
8235,1
8236,1
8237,0
8238,0
8239,1
8240,1
8241,1
8242,2
8243,0
8244,0
8245,1
8246,2
8247,0
8248,2
8249,1
8250,0
8251,1
8252,2
8253,1
8254,2
8255,1
8256,1
8257,1
8258,1
8259,0
8260,2
8261,1
8262,0
8263,1
8264,0
8265,1
8266,1
8267,2
8268,0
8269,1
8270,0
8271,1
8272,1
8273,2
8274,1
8275,2
8276,2
8277,1
8278,0
8279,1
8280,1
8281,1
8282,1
8283,1
8284,0
8285,1
8286,0
8287,0
8288,1
8289,0
8290,0
8291,0
8292,1
8293,1
8294,1
8295,1
8296,1
8297,1
8298,0
8299,1
8300,1
8301,1
8302,1
8303,1
8304,0
8305,1
8306,0
8307,1
8308,1
8309,0
8310,1
8311,2
8312,1
8313,0
8314,1
8315,2
8316,1
8317,0
8318,0
8319,1
8320,1
8321,2
8322,1
8323,0
8324,1
8325,0
8326,1
8327,1
8328,1
8329,1
8330,1
8331,1
8332,0
8333,0
8334,1
8335,1
8336,2
8337,1
8338,1
8339,1
8340,1
8341,1
8342,2
8343,1
8344,0
8345,1
8346,1
8347,0
8348,0
8349,1
8350,0
8351,1
8352,1
8353,1
8354,2
8355,0
8356,1
8357,0
8358,0
8359,2
8360,0
8361,1
8362,1
8363,0
8364,0
8365,2
8366,1
8367,0
8368,1
8369,1
8370,2
8371,1
8372,1
8373,1
8374,1
8375,2
8376,2
8377,1
8378,1
8379,1
8380,2
8381,2
8382,1
8383,1
8384,1
8385,1
8386,1
8387,1
8388,0
8389,1
8390,0
8391,0
8392,0
8393,1
8394,1
8395,1
8396,1
8397,1
8398,0
8399,1
8400,1
8401,1
8402,1
8403,1
8404,1
8405,0
8406,1
8407,2
8408,2
8409,1
8410,1
8411,1
8412,0
8413,1
8414,0
8415,1
8416,2
8417,0
8418,1
8419,1
8420,1
8421,1
8422,1
8423,1
8424,0
8425,0
8426,1
8427,1
8428,2
8429,1
8430,1
8431,1
8432,0
8433,0
8434,0
8435,1
8436,1
8437,0
8438,1
8439,1
8440,1
8441,1
8442,0
8443,1
8444,1
8445,2
8446,1
8447,2
8448,0
8449,0
8450,1
8451,1
8452,0
8453,0
8454,1
8455,0
8456,1
8457,1
8458,1
8459,1
8460,1
8461,1
8462,1
8463,1
8464,1
8465,1
8466,0
8467,0
8468,1
8469,1
8470,1
8471,1
8472,1
8473,1
8474,1
8475,1
8476,2
8477,0
8478,1
8479,1
8480,1
8481,1
8482,1
8483,0
8484,1
8485,0
8486,1
8487,0
8488,1
8489,0
8490,1
8491,0
8492,1
8493,2
8494,1
8495,0
8496,0
8497,1
8498,0
8499,1
8500,1
8501,1
8502,1
8503,2
8504,0
8505,1
8506,1
8507,1
8508,1
8509,1
8510,1
8511,0
8512,1
8513,2
8514,1
8515,0
8516,1
8517,1
8518,0
8519,0
8520,2
8521,1
8522,2
8523,1
8524,1
8525,1
8526,0
8527,1
8528,1
8529,1
8530,0
8531,0
8532,1
8533,1
8534,1
8535,1
8536,1
8537,0
8538,1
8539,1
8540,1
8541,1
8542,1
8543,2
8544,2
8545,0
8546,0
8547,0
8548,0
8549,1
8550,0
8551,0
8552,2
8553,2
8554,1
8555,1
8556,2
8557,1
8558,0
8559,1
8560,1
8561,0
8562,1
8563,0
8564,1
8565,1
8566,2
8567,2
8568,0
8569,1
8570,0
8571,1
8572,0
8573,1
8574,1
8575,1
8576,1
8577,0
8578,2
8579,0
8580,0
8581,0
8582,2
8583,1
8584,1
8585,2
8586,0
8587,0
8588,1
8589,0
8590,1
8591,0
8592,0
8593,2
8594,0
8595,0
8596,1
8597,1
8598,1
8599,0
8600,0
8601,1
8602,1
8603,1
8604,1
8605,1
8606,1
8607,1
8608,2
8609,1
8610,1
8611,0
8612,1
8613,0
8614,2
8615,1
8616,0
8617,1
8618,1
8619,1
8620,0
8621,1
8622,0
8623,0
8624,1
8625,0
8626,1
8627,0
8628,0
8629,0
8630,1
8631,0
8632,0
8633,0
8634,2
8635,1
8636,1
8637,1
8638,1
8639,0
8640,0
8641,1
8642,2
8643,1
8644,0
8645,0
8646,1
8647,0
8648,1
8649,1
8650,0
8651,0
8652,2
8653,1
8654,1
8655,1
8656,1
8657,2
8658,1
8659,0
8660,0
8661,0
8662,0
8663,1
8664,0
8665,1
8666,1
8667,1
8668,1
8669,1
8670,1
8671,1
8672,1
8673,1
8674,1
8675,1
8676,0
8677,1
8678,1
8679,1
8680,0
8681,1
8682,1
8683,2
8684,0
8685,2
8686,0
8687,2
8688,1
8689,1
8690,0
8691,1
8692,0
8693,1
8694,0
8695,1
8696,1
8697,1
8698,2
8699,1
8700,1
8701,0
8702,1
8703,0
8704,1
8705,2
8706,1
8707,2
8708,1
8709,1
8710,1
8711,1
8712,2
8713,0
8714,1
8715,1
8716,2
8717,0
8718,0
8719,1
8720,1
8721,1
8722,0
8723,1
8724,1
8725,1
8726,2
8727,2
8728,1
8729,0
8730,2
8731,0
8732,1
8733,1
8734,0
8735,1
8736,2
8737,1
8738,1
8739,1
8740,1
8741,1
8742,0
8743,1
8744,1
8745,1
8746,1
8747,1
8748,1
8749,1
8750,0
8751,0
8752,0
8753,2
8754,1
8755,0
8756,0
8757,1
8758,0
8759,1
8760,1
8761,2
8762,1
8763,1
8764,1
8765,1
8766,1
8767,1
8768,1
8769,1
8770,1
8771,2
8772,1
8773,1
8774,2
8775,0
8776,1
8777,0
8778,1
8779,2
8780,0
8781,1
8782,0
8783,1
8784,0
8785,1
8786,0
8787,1
8788,1
8789,1
8790,0
8791,0
8792,0
8793,1
8794,0
8795,1
8796,1
8797,1
8798,1
8799,1
8800,1
8801,1
8802,1
8803,1
8804,1
8805,2
8806,1
8807,1
8808,1
8809,0
8810,1
8811,0
8812,1
8813,0
8814,1
8815,2
8816,0
8817,1
8818,1
8819,1
8820,1
8821,0
8822,0
8823,2
8824,0
8825,1
8826,1
8827,0
8828,1
8829,0
8830,1
8831,2
8832,0
8833,0
8834,1
8835,2
8836,1
8837,0
8838,2
8839,2
8840,2
8841,1
8842,0
8843,1
8844,0
8845,0
8846,2
8847,0
8848,0
8849,1
8850,1
8851,2
8852,1
8853,1
8854,1
8855,1
8856,1
8857,2
8858,1
8859,1
8860,1
8861,2
8862,0
8863,1
8864,2
8865,1
8866,1
8867,1
8868,1
8869,1
8870,1
8871,2
8872,0
8873,0
8874,2
8875,1
8876,1
8877,0
8878,1
8879,0
8880,1
8881,1
8882,1
8883,2
8884,1
8885,0
8886,1
8887,1
8888,2
8889,1
8890,1
8891,1
8892,1
8893,1
8894,1
8895,1
8896,1
8897,1
8898,1
8899,1
8900,1
8901,1
8902,1
8903,1
8904,2
8905,1
8906,2
8907,1
8908,1
8909,1
8910,1
8911,1
8912,0
8913,1
8914,2
8915,0
8916,2
8917,1
8918,1
8919,1
8920,1
8921,0
8922,0
8923,0
8924,1
8925,1
8926,0
8927,1
8928,1
8929,2
8930,1
8931,0
8932,1
8933,2
8934,1
8935,1
8936,1
8937,1
8938,2
8939,0
8940,0
8941,0
8942,0
8943,1
8944,1
8945,2
8946,0
8947,1
8948,1
8949,1
8950,1
8951,1
8952,1
8953,1
8954,2
8955,0
8956,2
8957,1
8958,2
8959,1
8960,2
8961,1
8962,0
8963,2
8964,1
8965,0
8966,1
8967,1
8968,1
8969,0
8970,1
8971,1
8972,1
8973,0
8974,0
8975,0
8976,1
8977,1
8978,1
8979,1
8980,1
8981,1
8982,0
8983,0
8984,1
8985,1
8986,1
8987,2
8988,2
8989,0
8990,0
8991,1
8992,1
8993,1
8994,2
8995,1
8996,1
8997,0
8998,0
8999,1
9000,2
9001,0
9002,1
9003,1
9004,1
9005,0
9006,1
9007,0
9008,1
9009,0
9010,1
9011,1
9012,1
9013,1
9014,0
9015,1
9016,1
9017,1
9018,1
9019,1
9020,1
9021,1
9022,1
9023,0
9024,1
9025,0
9026,1
9027,2
9028,1
9029,0
9030,1
9031,0
9032,0
9033,2
9034,0
9035,1
9036,1
9037,2
9038,2
9039,2
9040,1
9041,2
9042,1
9043,1
9044,1
9045,0
9046,0
9047,1
9048,1
9049,1
9050,1
9051,2
9052,1
9053,1
9054,1
9055,1
9056,0
9057,0
9058,1
9059,1
9060,1
9061,1
9062,2
9063,0
9064,0
9065,2
9066,2
9067,1
9068,1
9069,1
9070,1
9071,1
9072,1
9073,1
9074,2
9075,0
9076,0
9077,0
9078,0
9079,1
9080,1
9081,1
9082,1
9083,1
9084,1
9085,1
9086,1
9087,0
9088,0
9089,1
9090,1
9091,1
9092,1
9093,1
9094,1
9095,2
9096,1
9097,0
9098,0
9099,1
9100,1
9101,2
9102,1
9103,1
9104,1
9105,1
9106,1
9107,1
9108,1
9109,0
9110,1
9111,1
9112,1
9113,1
9114,2
9115,1
9116,1
9117,1
9118,2
9119,2
9120,0
9121,2
9122,0
9123,1
9124,1
9125,1
9126,1
9127,1
9128,1
9129,1
9130,2
9131,2
9132,1
9133,1
9134,0
9135,0
9136,1
9137,0
9138,1
9139,2
9140,0
9141,1
9142,0
9143,1
9144,0
9145,0
9146,1
9147,1
9148,1
9149,2
9150,1
9151,1
9152,1
9153,2
9154,1
9155,1
9156,2
9157,1
9158,2
9159,1
9160,1
9161,1
9162,1
9163,0
9164,2
9165,0
9166,2
9167,0
9168,2
9169,1
9170,1
9171,2
9172,0
9173,0
9174,1
9175,2
9176,1
9177,1
9178,1
9179,1
9180,0
9181,1
9182,1
9183,0
9184,1
9185,1
9186,1
9187,1
9188,0
9189,1
9190,0
9191,1
9192,2
9193,1
9194,1
9195,0
9196,0
9197,1
9198,1
9199,1
9200,1
9201,2
9202,1
9203,2
9204,1
9205,1
9206,1
9207,1
9208,1
9209,1
9210,1
9211,2
9212,1
9213,1
9214,1
9215,1
9216,0
9217,0
9218,1
9219,1
9220,0
9221,1
9222,2
9223,1
9224,0
9225,2
9226,0
9227,1
9228,0
9229,2
9230,0
9231,1
9232,1
9233,1
9234,1
9235,1
9236,2
9237,1
9238,1
9239,1
9240,0
9241,2
9242,1
9243,2
9244,1
9245,1
9246,1
9247,0
9248,1
9249,1
9250,1
9251,1
9252,1
9253,1
9254,1
9255,1
9256,1
9257,0
9258,1
9259,1
9260,2
9261,1
9262,1
9263,1
9264,0
9265,1
9266,1
9267,0
9268,0
9269,1
9270,1
9271,1
9272,0
9273,2
9274,1
9275,1
9276,1
9277,1
9278,1
9279,1
9280,1
9281,2
9282,2
9283,1
9284,0
9285,1
9286,0
9287,2
9288,0
9289,2
9290,1
9291,1
9292,0
9293,2
9294,1
9295,1
9296,2
9297,0
9298,2
9299,1
9300,1
9301,1
9302,0
9303,1
9304,1
9305,0
9306,2
9307,1
9308,1
9309,0
9310,1
9311,1
9312,0
9313,1
9314,1
9315,1
9316,1
9317,2
9318,0
9319,1
9320,1
9321,2
9322,1
9323,1
9324,2
9325,0
9326,1
9327,1
9328,2
9329,1
9330,1
9331,0
9332,1
9333,1
9334,0
9335,1
9336,1
9337,1
9338,0
9339,2
9340,2
9341,0
9342,1
9343,0
9344,1
9345,0
9346,1
9347,1
9348,0
9349,1
9350,1
9351,1
9352,1
9353,2
9354,1
9355,1
9356,0
9357,0
9358,1
9359,1
9360,1
9361,2
9362,0
9363,1
9364,1
9365,1
9366,0
9367,1
9368,0
9369,1
9370,0
9371,1
9372,1
9373,2
9374,1
9375,0
9376,2
9377,1
9378,1
9379,2
9380,0
9381,1
9382,1
9383,1
9384,1
9385,0
9386,1
9387,2
9388,2
9389,0
9390,2
9391,1
9392,1
9393,1
9394,0
9395,0
9396,2
9397,1
9398,1
9399,1
9400,1
9401,2
9402,1
9403,1
9404,1
9405,1
9406,2
9407,1
9408,1
9409,1
9410,1
9411,1
9412,0
9413,1
9414,1
9415,1
9416,0
9417,1
9418,2
9419,1
9420,1
9421,1
9422,0
9423,1
9424,1
9425,1
9426,1
9427,1
9428,0
9429,0
9430,1
9431,1
9432,1
9433,2
9434,1
9435,2
9436,1
9437,0
9438,1
9439,1
9440,2
9441,0
9442,1
9443,0
9444,0
9445,1
9446,0
9447,1
9448,0
9449,1
9450,0
9451,1
9452,1
9453,1
9454,1
9455,1
9456,1
9457,1
9458,0
9459,0
9460,1
9461,1
9462,0
9463,2
9464,0
9465,1
9466,2
9467,2
9468,1
9469,2
9470,1
9471,1
9472,2
9473,0
9474,1
9475,0
9476,0
9477,0
9478,1
9479,1
9480,1
9481,0
9482,1
9483,1
9484,1
9485,1
9486,1
9487,1
9488,1
9489,1
9490,1
9491,1
9492,1
9493,1
9494,0
9495,2
9496,1
9497,1
9498,0
9499,0
9500,1
9501,0
9502,1
9503,1
9504,0
9505,0
9506,0
9507,1
9508,2
9509,0
9510,1
9511,1
9512,2
9513,2
9514,1
9515,0
9516,1
9517,1
9518,2
9519,1
9520,2
9521,0
9522,1
9523,1
9524,1
9525,1
9526,1
9527,1
9528,1
9529,1
9530,0
9531,1
9532,0
9533,0
9534,1
9535,0
9536,2
9537,1
9538,1
9539,1
9540,1
9541,0
9542,2
9543,1
9544,0
9545,0
9546,2
9547,1
9548,1
9549,1
9550,2
9551,1
9552,1
9553,0
9554,1
9555,0
9556,1
9557,1
9558,1
9559,1
9560,2
9561,1
9562,1
9563,2
9564,1
9565,1
9566,2
9567,0
9568,1
9569,0
9570,1
9571,1
9572,1
9573,0
9574,1
9575,1
9576,1
9577,0
9578,0
9579,0
9580,1
9581,2
9582,1
9583,0
9584,0
9585,1
9586,0
9587,1
9588,0
9589,0
9590,1
9591,1
9592,2
9593,1
9594,1
9595,1
9596,1
9597,1
9598,1
9599,1
9600,1
9601,0
9602,1
9603,1
9604,1
9605,0
9606,1
9607,0
9608,1
9609,0
9610,1
9611,2
9612,0
9613,1
9614,2
9615,1
9616,1
9617,1
9618,1
9619,1
9620,0
9621,1
9622,1
9623,1
9624,1
9625,1
9626,1
9627,1
9628,1
9629,1
9630,2
9631,1
9632,1
9633,1
9634,1
9635,2
9636,0
9637,1
9638,0
9639,1
9640,1
9641,2
9642,1
9643,2
9644,1
9645,0
9646,1
9647,2
9648,0
9649,1
9650,1
9651,0
9652,0
9653,0
9654,2
9655,1
9656,1
9657,2
9658,1
9659,0
9660,1
9661,1
9662,1
9663,1
9664,1
9665,0
9666,1
9667,0
9668,1
9669,1
9670,2
9671,2
9672,1
9673,2
9674,1
9675,1
9676,1
9677,1
9678,0
9679,1
9680,1
9681,1
9682,1
9683,1
9684,1
9685,1
9686,1
9687,1
9688,0
9689,1
9690,0
9691,1
9692,1
9693,1
9694,2
9695,1
9696,0
9697,0
9698,2
9699,1
9700,1
9701,0
9702,0
9703,0
9704,1
9705,1
9706,1
9707,0
9708,0
9709,1
9710,1
9711,0
9712,0
9713,1
9714,0
9715,0
9716,1
9717,0
9718,1
9719,2
9720,1
9721,1
9722,1
9723,0
9724,1
9725,0
9726,0
9727,2
9728,0
9729,2
9730,1
9731,1
9732,1
9733,1
9734,2
9735,0
9736,1
9737,1
9738,1
9739,1
9740,1
9741,0
9742,1
9743,1
9744,1
9745,1
9746,0
9747,1
9748,1
9749,1
9750,0
9751,1
9752,1
9753,0
9754,2
9755,1
9756,1
9757,0
9758,0
9759,1
9760,0
9761,1
9762,0
9763,0
9764,1
9765,0
9766,1
9767,1
9768,1
9769,1
9770,1
9771,1
9772,1
9773,2
9774,1
9775,0
9776,1
9777,1
9778,2
9779,2
9780,2
9781,2
9782,1
9783,0
9784,2
9785,0
9786,2
9787,2
9788,1
9789,1
9790,2
9791,2
9792,1
9793,1
9794,0
9795,1
9796,1
9797,1
9798,1
9799,0
9800,1
9801,1
9802,2
9803,0
9804,1
9805,2
9806,2
9807,2
9808,1
9809,1
9810,1
9811,2
9812,2
9813,1
9814,1
9815,1
9816,0
9817,0
9818,1
9819,2
9820,1
9821,0
9822,0
9823,2
9824,0
9825,0
9826,0
9827,1
9828,1
9829,1
9830,1
9831,1
9832,1
9833,2
9834,1
9835,2
9836,1
9837,1
9838,0
9839,1
9840,0
9841,1
9842,1
9843,0
9844,0
9845,1
9846,2
9847,0
9848,1
9849,2
9850,0
9851,1
9852,0
9853,1
9854,1
9855,1
9856,1
9857,1
9858,1
9859,1
9860,1
9861,0
9862,0
9863,1
9864,1
9865,1
9866,1
9867,0
9868,1
9869,2
9870,1
9871,1
9872,1
9873,1
9874,1
9875,2
9876,1
9877,2
9878,0
9879,1
9880,2
9881,1
9882,1
9883,1
9884,1
9885,2
9886,1
9887,2
9888,2
9889,1
9890,1
9891,1
9892,0
9893,1
9894,0
9895,2
9896,1
9897,1
9898,2
9899,1
9900,1
9901,1
9902,0
9903,1
9904,2
9905,2
9906,1
9907,0
9908,2
9909,1
9910,1
9911,2
9912,1
9913,0
9914,1
9915,0
9916,2
9917,1
9918,0
9919,1
9920,1
9921,1
9922,1
9923,2
9924,1
9925,0
9926,1
9927,1
9928,1
9929,1
9930,1
9931,2
9932,1
9933,1
9934,1
9935,1
9936,1
9937,1
9938,2
9939,0
9940,1
9941,1
9942,0
9943,0
9944,1
9945,1
9946,2
9947,2
9948,1
9949,1
9950,1
9951,0
9952,2
9953,1
9954,0
9955,1
9956,2
9957,1
9958,1
9959,0
9960,1
9961,1
9962,1
9963,1
9964,0
9965,2
9966,1
9967,2
9968,1
9969,1
9970,2
9971,1
9972,1
9973,1
9974,1
9975,0
9976,0
9977,0
9978,0
9979,1
9980,1
9981,0
9982,1
9983,2
9984,1
9985,1
9986,1
9987,1
9988,0
9989,0
9990,1
9991,1
9992,0
9993,1
9994,1
9995,1
9996,1
9997,2
9998,0
9999,1
10000,1
